,,,-00.000236800000,-2640.00000,
,,,-00.000236400000,-2640.00000,
,,,-00.000236000000,-2680.00000,
,,,-00.000235600000,-2600.00000,
,,,-00.000235200000,-2680.00000,
,,,-00.000234800000,-2640.00000,
,,,-00.000234400000,-2680.00000,
,,,-00.000234000000,-2640.00000,
,,,-00.000233600000,-2640.00000,
,,,-00.000233200000,-2640.00000,
,,,-00.000232800000,-2680.00000,
,,,-00.000232400000,-2680.00000,
,,,-00.000232000000,-2600.00000,
,,,-00.000231600000,-2680.00000,
,,,-00.000231200000,-2640.00000,
,,,-00.000230800000,-2680.00000,
,,,-00.000230400000,-2640.00000,
,,,-00.000230000000,-2640.00000,
,,,-00.000229600000,-2600.00000,
,,,-00.000229200000,-2640.00000,
,,,-00.000228800000,-2600.00000,
,,,-00.000228400000,-2640.00000,
,,,-00.000228000000,-2640.00000,
,,,-00.000227600000,-2600.00000,
,,,-00.000227200000,-2600.00000,
,,,-00.000226800000,-2600.00000,
,,,-00.000226400000,-2640.00000,
,,,-00.000226000000,-2560.00000,
,,,-00.000225600000,-2600.00000,
,,,-00.000225200000,-2600.00000,
,,,-00.000224800000,-2600.00000,
,,,-00.000224400000,-2640.00000,
,,,-00.000224000000,-2520.00000,
,,,-00.000223600000,-2600.00000,
,,,-00.000223200000,-2600.00000,
,,,-00.000222800000,-2600.00000,
,,,-00.000222400000,-2560.00000,
,,,-00.000222000000,-2640.00000,
,,,-00.000221600000,-2600.00000,
,,,-00.000221200000,-2640.00000,
,,,-00.000220800000,-2600.00000,
,,,-00.000220400000,-2560.00000,
,,,-00.000220000000,-2600.00000,
,,,-00.000219600000,-2600.00000,
,,,-00.000219200000,-2560.00000,
,,,-00.000218800000,-2600.00000,
,,,-00.000218400000,-2560.00000,
,,,-00.000218000000,-2560.00000,
,,,-00.000217600000,-2600.00000,
,,,-00.000217200000,-2560.00000,
,,,-00.000216800000,-2560.00000,
,,,-00.000216400000,-2600.00000,
,,,-00.000216000000,-2600.00000,
,,,-00.000215600000,-2600.00000,
,,,-00.000215200000,-2600.00000,
,,,-00.000214800000,-2560.00000,
,,,-00.000214400000,-2600.00000,
,,,-00.000214000000,-2560.00000,
,,,-00.000213600000,-2560.00000,
,,,-00.000213200000,-2520.00000,
,,,-00.000212800000,-2600.00000,
,,,-00.000212400000,-2480.00000,
,,,-00.000212000000,-2600.00000,
,,,-00.000211600000,-2560.00000,
,,,-00.000211200000,-2560.00000,
,,,-00.000210800000,-2560.00000,
,,,-00.000210400000,-2560.00000,
,,,-00.000210000000,-2560.00000,
,,,-00.000209600000,-2560.00000,
,,,-00.000209200000,-2520.00000,
,,,-00.000208800000,-2560.00000,
,,,-00.000208400000,-2520.00000,
,,,-00.000208000000,-2560.00000,
,,,-00.000207600000,-2520.00000,
,,,-00.000207200000,-2560.00000,
,,,-00.000206800000,-2520.00000,
,,,-00.000206400000,-2560.00000,
,,,-00.000206000000,-2520.00000,
,,,-00.000205600000,-2560.00000,
,,,-00.000205200000,-2520.00000,
,,,-00.000204800000,-2480.00000,
,,,-00.000204400000,-2520.00000,
,,,-00.000204000000,-2520.00000,
,,,-00.000203600000,-2480.00000,
,,,-00.000203200000,-2440.00000,
,,,-00.000202800000,-2560.00000,
,,,-00.000202400000,-2520.00000,
,,,-00.000202000000,-2520.00000,
,,,-00.000201600000,-2560.00000,
,,,-00.000201200000,-2560.00000,
,,,-00.000200800000,-2480.00000,
,,,-00.000200400000,-2520.00000,
,,,-00.000200000000,-2480.00000,
,,,-00.000199600000,-2560.00000,
,,,-00.000199200000,-2520.00000,
,,,-00.000198800000,-2480.00000,
,,,-00.000198400000,-2480.00000,
,,,-00.000198000000,-2480.00000,
,,,-00.000197600000,-2480.00000,
,,,-00.000197200000,-2520.00000,
,,,-00.000196800000,-2440.00000,
,,,-00.000196400000,-2480.00000,
,,,-00.000196000000,-2480.00000,
,,,-00.000195600000,-2480.00000,
,,,-00.000195200000,-2440.00000,
,,,-00.000194800000,-2440.00000,
,,,-00.000194400000,-2480.00000,
,,,-00.000194000000,-2440.00000,
,,,-00.000193600000,-2480.00000,
,,,-00.000193200000,-2480.00000,
,,,-00.000192800000,-2480.00000,
,,,-00.000192400000,-2440.00000,
,,,-00.000192000000,-2480.00000,
,,,-00.000191600000,-2440.00000,
,,,-00.000191200000,-2480.00000,
,,,-00.000190800000,-2440.00000,
,,,-00.000190400000,-2400.00000,
,,,-00.000190000000,-2480.00000,
,,,-00.000189600000,-2440.00000,
,,,-00.000189200000,-2400.00000,
,,,-00.000188800000,-2480.00000,
,,,-00.000188400000,-2400.00000,
,,,-00.000188000000,-2400.00000,
,,,-00.000187600000,-2440.00000,
,,,-00.000187200000,-2400.00000,
,,,-00.000186800000,-2400.00000,
,,,-00.000186400000,-2400.00000,
,,,-00.000186000000,-2400.00000,
,,,-00.000185600000,-2360.00000,
,,,-00.000185200000,-2400.00000,
,,,-00.000184800000,-2440.00000,
,,,-00.000184400000,-2320.00000,
,,,-00.000184000000,-2400.00000,
,,,-00.000183600000,-2400.00000,
,,,-00.000183200000,-2400.00000,
,,,-00.000182800000,-2360.00000,
,,,-00.000182400000,-2400.00000,
,,,-00.000182000000,-2320.00000,
,,,-00.000181600000,-2360.00000,
,,,-00.000181200000,-2360.00000,
,,,-00.000180800000,-2360.00000,
,,,-00.000180400000,-2400.00000,
,,,-00.000180000000,-2360.00000,
,,,-00.000179600000,-2360.00000,
,,,-00.000179200000,-2320.00000,
,,,-00.000178800000,-2320.00000,
,,,-00.000178400000,-2320.00000,
,,,-00.000178000000,-2320.00000,
,,,-00.000177600000,-2360.00000,
,,,-00.000177200000,-2320.00000,
,,,-00.000176800000,-2320.00000,
,,,-00.000176400000,-2360.00000,
,,,-00.000176000000,-2320.00000,
,,,-00.000175600000,-2320.00000,
,,,-00.000175200000,-2320.00000,
,,,-00.000174800000,-2320.00000,
,,,-00.000174400000,-2320.00000,
,,,-00.000174000000,-2280.00000,
,,,-00.000173600000,-2280.00000,
,,,-00.000173200000,-2280.00000,
,,,-00.000172800000,-2240.00000,
,,,-00.000172400000,-2280.00000,
,,,-00.000172000000,-2320.00000,
,,,-00.000171600000,-2320.00000,
,,,-00.000171200000,-2280.00000,
,,,-00.000170800000,-2240.00000,
,,,-00.000170400000,-2280.00000,
,,,-00.000170000000,-2280.00000,
,,,-00.000169600000,-2280.00000,
,,,-00.000169200000,-2280.00000,
,,,-00.000168800000,-2320.00000,
,,,-00.000168400000,-2240.00000,
,,,-00.000168000000,-2280.00000,
,,,-00.000167600000,-2240.00000,
,,,-00.000167200000,-2280.00000,
,,,-00.000166800000,-2240.00000,
,,,-00.000166400000,-2240.00000,
,,,-00.000166000000,-2200.00000,
,,,-00.000165600000,-2240.00000,
,,,-00.000165200000,-2240.00000,
,,,-00.000164800000,-2280.00000,
,,,-00.000164400000,-2280.00000,
,,,-00.000164000000,-2240.00000,
,,,-00.000163600000,-2200.00000,
,,,-00.000163200000,-2240.00000,
,,,-00.000162800000,-2200.00000,
,,,-00.000162400000,-2200.00000,
,,,-00.000162000000,-2200.00000,
,,,-00.000161600000,-2200.00000,
,,,-00.000161200000,-2160.00000,
,,,-00.000160800000,-2240.00000,
,,,-00.000160400000,-2200.00000,
,,,-00.000160000000,-2200.00000,
,,,-00.000159600000,-2200.00000,
,,,-00.000159200000,-2160.00000,
,,,-00.000158800000,-2200.00000,
,,,-00.000158400000,-2160.00000,
,,,-00.000158000000,-2160.00000,
,,,-00.000157600000,-2160.00000,
,,,-00.000157200000,-2120.00000,
,,,-00.000156800000,-2160.00000,
,,,-00.000156400000,-2160.00000,
,,,-00.000156000000,-2120.00000,
,,,-00.000155600000,-2120.00000,
,,,-00.000155200000,-2160.00000,
,,,-00.000154800000,-2120.00000,
,,,-00.000154400000,-2120.00000,
,,,-00.000154000000,-2160.00000,
,,,-00.000153600000,-2120.00000,
,,,-00.000153200000,-2120.00000,
,,,-00.000152800000,-2120.00000,
,,,-00.000152400000,-2160.00000,
,,,-00.000152000000,-2120.00000,
,,,-00.000151600000,-2120.00000,
,,,-00.000151200000,-2120.00000,
,,,-00.000150800000,-2080.00000,
,,,-00.000150400000,-2120.00000,
,,,-00.000150000000,-2080.00000,
,,,-00.000149600000,-2040.00000,
,,,-00.000149200000,-2080.00000,
,,,-00.000148800000,-2040.00000,
,,,-00.000148400000,-2080.00000,
,,,-00.000148000000,-2080.00000,
,,,-00.000147600000,-2040.00000,
,,,-00.000147200000,-2000.00000,
,,,-00.000146800000,-2040.00000,
,,,-00.000146400000,-2080.00000,
,,,-00.000146000000,-2080.00000,
,,,-00.000145600000,-2080.00000,
,,,-00.000145200000,-2080.00000,
,,,-00.000144800000,-2000.00000,
,,,-00.000144400000,-2000.00000,
,,,-00.000144000000,-2000.00000,
,,,-00.000143600000,-2040.00000,
,,,-00.000143200000,-2000.00000,
,,,-00.000142800000,-2000.00000,
,,,-00.000142400000,-2000.00000,
,,,-00.000142000000,-2000.00000,
,,,-00.000141600000,-2000.00000,
,,,-00.000141200000,-1960.00000,
,,,-00.000140800000,-2000.00000,
,,,-00.000140400000,-1960.00000,
,,,-00.000140000000,-2000.00000,
,,,-00.000139600000,-1960.00000,
,,,-00.000139200000,-1960.00000,
,,,-00.000138800000,-1960.00000,
,,,-00.000138400000,-2000.00000,
,,,-00.000138000000,-1960.00000,
,,,-00.000137600000,-1920.00000,
,,,-00.000137200000,-1920.00000,
,,,-00.000136800000,-1960.00000,
,,,-00.000136400000,-1920.00000,
,,,-00.000136000000,-1960.00000,
,,,-00.000135600000,-1920.00000,
,,,-00.000135200000,-1960.00000,
,,,-00.000134800000,-1920.00000,
,,,-00.000134400000,-1920.00000,
,,,-00.000134000000,-1920.00000,
,,,-00.000133600000,-1920.00000,
,,,-00.000133200000,-1880.00000,
,,,-00.000132800000,-1880.00000,
,,,-00.000132400000,-1920.00000,
,,,-00.000132000000,-1880.00000,
,,,-00.000131600000,-1880.00000,
,,,-00.000131200000,-1840.00000,
,,,-00.000130800000,-1880.00000,
,,,-00.000130400000,-1880.00000,
,,,-00.000130000000,-1840.00000,
,,,-00.000129600000,-1800.00000,
,,,-00.000129200000,-1840.00000,
,,,-00.000128800000,-1840.00000,
,,,-00.000128400000,-1840.00000,
,,,-00.000128000000,-1840.00000,
,,,-00.000127600000,-1800.00000,
,,,-00.000127200000,-1840.00000,
,,,-00.000126800000,-1800.00000,
,,,-00.000126400000,-1800.00000,
,,,-00.000126000000,-1800.00000,
,,,-00.000125600000,-1800.00000,
,,,-00.000125200000,-1840.00000,
,,,-00.000124800000,-1800.00000,
,,,-00.000124400000,-1760.00000,
,,,-00.000124000000,-1800.00000,
,,,-00.000123600000,-1760.00000,
,,,-00.000123200000,-1760.00000,
,,,-00.000122800000,-1720.00000,
,,,-00.000122400000,-1760.00000,
,,,-00.000122000000,-1760.00000,
,,,-00.000121600000,-1760.00000,
,,,-00.000121200000,-1760.00000,
,,,-00.000120800000,-1720.00000,
,,,-00.000120400000,-1720.00000,
,,,-00.000120000000,-1720.00000,
,,,-00.000119600000,-1760.00000,
,,,-00.000119200000,-1720.00000,
,,,-00.000118800000,-1720.00000,
,,,-00.000118400000,-1640.00000,
,,,-00.000118000000,-1680.00000,
,,,-00.000117600000,-1640.00000,
,,,-00.000117200000,-1720.00000,
,,,-00.000116800000,-1680.00000,
,,,-00.000116400000,-1680.00000,
,,,-00.000116000000,-1680.00000,
,,,-00.000115600000,-1720.00000,
,,,-00.000115200000,-1600.00000,
,,,-00.000114800000,-1720.00000,
,,,-00.000114400000,-1680.00000,
,,,-00.000114000000,-1680.00000,
,,,-00.000113600000,-1640.00000,
,,,-00.000113200000,-1680.00000,
,,,-00.000112800000,-1680.00000,
,,,-00.000112400000,-1640.00000,
,,,-00.000112000000,-1600.00000,
,,,-00.000111600000,-1640.00000,
,,,-00.000111200000,-1600.00000,
,,,-00.000110800000,-1600.00000,
,,,-00.000110400000,-1600.00000,
,,,-00.000110000000,-1560.00000,
,,,-00.000109600000,-1600.00000,
,,,-00.000109200000,-1600.00000,
,,,-00.000108800000,-1560.00000,
,,,-00.000108400000,-1560.00000,
,,,-00.000108000000,-1600.00000,
,,,-00.000107600000,-1560.00000,
,,,-00.000107200000,-1520.00000,
,,,-00.000106800000,-1560.00000,
,,,-00.000106400000,-1560.00000,
,,,-00.000106000000,-1560.00000,
,,,-00.000105600000,-1560.00000,
,,,-00.000105200000,-1480.00000,
,,,-00.000104800000,-1560.00000,
,,,-00.000104400000,-1520.00000,
,,,-00.000104000000,-1520.00000,
,,,-00.000103600000,-1520.00000,
,,,-00.000103200000,-1520.00000,
,,,-00.000102800000,-1520.00000,
,,,-00.000102400000,-1480.00000,
,,,-00.000102000000,-1480.00000,
,,,-00.000101600000,-1520.00000,
,,,-00.000101200000,-1480.00000,
,,,-00.000100800000,-1440.00000,
,,,-00.000100400000,-1480.00000,
,,,-00.000100000000,-1480.00000,
,,,-00.000099600000,-1480.00000,
,,,-00.000099200000,-1440.00000,
,,,-00.000098800000,-1440.00000,
,,,-00.000098400000,-1480.00000,
,,,-00.000098000000,-1440.00000,
,,,-00.000097600000,-1440.00000,
,,,-00.000097200000,-1440.00000,
,,,-00.000096800000,-1480.00000,
,,,-00.000096400000,-1440.00000,
,,,-00.000096000000,-1440.00000,
,,,-00.000095600000,-1400.00000,
,,,-00.000095200000,-1400.00000,
,,,-00.000094800000,-1400.00000,
,,,-00.000094400000,-1360.00000,
,,,-00.000094000000,-1400.00000,
,,,-00.000093600000,-1320.00000,
,,,-00.000093200000,-1360.00000,
,,,-00.000092800000,-1360.00000,
,,,-00.000092400000,-1320.00000,
,,,-00.000092000000,-1360.00000,
,,,-00.000091600000,-1320.00000,
,,,-00.000091200000,-1360.00000,
,,,-00.000090800000,-1400.00000,
,,,-00.000090400000,-1280.00000,
,,,-00.000090000000,-1360.00000,
,,,-00.000089600000,-1280.00000,
,,,-00.000089200000,-1320.00000,
,,,-00.000088800000,-1280.00000,
,,,-00.000088400000,-1320.00000,
,,,-00.000088000000,-1280.00000,
,,,-00.000087600000,-1240.00000,
,,,-00.000087200000,-1240.00000,
,,,-00.000086800000,-1280.00000,
,,,-00.000086400000,-1280.00000,
,,,-00.000086000000,-1200.00000,
,,,-00.000085600000,-1240.00000,
,,,-00.000085200000,-1200.00000,
,,,-00.000084800000,-1200.00000,
,,,-00.000084400000,-1240.00000,
,,,-00.000084000000,-1200.00000,
,,,-00.000083600000,-1160.00000,
,,,-00.000083200000,-1200.00000,
,,,-00.000082800000,-1200.00000,
,,,-00.000082400000,-1200.00000,
,,,-00.000082000000,-1160.00000,
,,,-00.000081600000,-1160.00000,
,,,-00.000081200000,-1200.00000,
,,,-00.000080800000,-1120.00000,
,,,-00.000080400000,-1160.00000,
,,,-00.000080000000,-1160.00000,
,,,-00.000079600000,-1160.00000,
,,,-00.000079200000,-1120.00000,
,,,-00.000078800000,-1080.00000,
,,,-00.000078400000,-1080.00000,
,,,-00.000078000000,-1120.00000,
,,,-00.000077600000,-1080.00000,
,,,-00.000077200000,-1120.00000,
,,,-00.000076800000,-1080.00000,
,,,-00.000076400000,-1040.00000,
,,,-00.000076000000,-1080.00000,
,,,-00.000075600000,-1040.00000,
,,,-00.000075200000,-1080.00000,
,,,-00.000074800000,-1080.00000,
,,,-00.000074400000,-1080.00000,
,,,-00.000074000000,-1040.00000,
,,,-00.000073600000,-1040.00000,
,,,-00.000073200000,-1040.00000,
,,,-00.000072800000,-1040.00000,
,,,-00.000072400000,-1040.00000,
,,,-00.000072000000,-1000.00000,
,,,-00.000071600000,-1000.00000,
,,,-00.000071200000,-1040.00000,
,,,-00.000070800000,-960.00000,
,,,-00.000070400000,-1000.00000,
,,,-00.000070000000,-960.00000,
,,,-00.000069600000,-960.00000,
,,,-00.000069200000,-920.00000,
,,,-00.000068800000,-960.00000,
,,,-00.000068400000,-920.00000,
,,,-00.000068000000,-920.00000,
,,,-00.000067600000,-920.00000,
,,,-00.000067200000,-920.00000,
,,,-00.000066800000,-920.00000,
,,,-00.000066400000,-920.00000,
,,,-00.000066000000,-920.00000,
,,,-00.000065600000,-880.00000,
,,,-00.000065200000,-920.00000,
,,,-00.000064800000,-920.00000,
,,,-00.000064400000,-840.00000,
,,,-00.000064000000,-880.00000,
,,,-00.000063600000,-880.00000,
,,,-00.000063200000,-880.00000,
,,,-00.000062800000,-880.00000,
,,,-00.000062400000,-840.00000,
,,,-00.000062000000,-840.00000,
,,,-00.000061600000,-840.00000,
,,,-00.000061200000,-840.00000,
,,,-00.000060800000,-800.00000,
,,,-00.000060400000,-840.00000,
,,,-00.000060000000,-800.00000,
,,,-00.000059600000,-800.00000,
,,,-00.000059200000,-800.00000,
,,,-00.000058800000,-800.00000,
,,,-00.000058400000,-800.00000,
,,,-00.000058000000,-720.00000,
,,,-00.000057600000,-840.00000,
,,,-00.000057200000,-800.00000,
,,,-00.000056800000,-800.00000,
,,,-00.000056400000,-720.00000,
,,,-00.000056000000,-760.00000,
,,,-00.000055600000,-720.00000,
,,,-00.000055200000,-720.00000,
,,,-00.000054800000,-720.00000,
,,,-00.000054400000,-720.00000,
,,,-00.000054000000,-640.00000,
,,,-00.000053600000,-720.00000,
,,,-00.000053200000,-720.00000,
,,,-00.000052800000,-680.00000,
,,,-00.000052400000,-680.00000,
,,,-00.000052000000,-680.00000,
,,,-00.000051600000,-640.00000,
,,,-00.000051200000,-640.00000,
,,,-00.000050800000,-640.00000,
,,,-00.000050400000,-640.00000,
,,,-00.000050000000,-680.00000,
,,,-00.000049600000,-720.00000,
,,,-00.000049200000,-640.00000,
,,,-00.000048800000,-640.00000,
,,,-00.000048400000,-600.00000,
,,,-00.000048000000,-600.00000,
,,,-00.000047600000,-600.00000,
,,,-00.000047200000,-600.00000,
,,,-00.000046800000,-600.00000,
,,,-00.000046400000,-520.00000,
,,,-00.000046000000,-600.00000,
,,,-00.000045600000,-560.00000,
,,,-00.000045200000,-560.00000,
,,,-00.000044800000,-520.00000,
,,,-00.000044400000,-560.00000,
,,,-00.000044000000,-560.00000,
,,,-00.000043600000,-520.00000,
,,,-00.000043200000,-560.00000,
,,,-00.000042800000,-520.00000,
,,,-00.000042400000,-560.00000,
,,,-00.000042000000,-560.00000,
,,,-00.000041600000,-480.00000,
,,,-00.000041200000,-480.00000,
,,,-00.000040800000,-480.00000,
,,,-00.000040400000,-480.00000,
,,,-00.000040000000,-480.00000,
,,,-00.000039600000,-480.00000,
,,,-00.000039200000,-400.00000,
,,,-00.000038800000,-480.00000,
,,,-00.000038400000,-480.00000,
,,,-00.000038000000,-440.00000,
,,,-00.000037600000,-400.00000,
,,,-00.000037200000,-480.00000,
,,,-00.000036800000,-400.00000,
,,,-00.000036400000,-400.00000,
,,,-00.000036000000,-400.00000,
,,,-00.000035600000,-400.00000,
,,,-00.000035200000,-400.00000,
,,,-00.000034800000,-400.00000,
,,,-00.000034400000,-360.00000,
,,,-00.000034000000,-360.00000,
,,,-00.000033600000,-360.00000,
,,,-00.000033200000,-360.00000,
,,,-00.000032800000,-320.00000,
,,,-00.000032400000,-360.00000,
,,,-00.000032000000,-280.00000,
,,,-00.000031600000,-360.00000,
,,,-00.000031200000,-360.00000,
,,,-00.000030800000,-320.00000,
,,,-00.000030400000,-360.00000,
,,,-00.000030000000,-280.00000,
,,,-00.000029600000,-280.00000,
,,,-00.000029200000,-280.00000,
,,,-00.000028800000,-280.00000,
,,,-00.000028400000,-280.00000,
,,,-00.000028000000,-280.00000,
,,,-00.000027600000,-280.00000,
,,,-00.000027200000,-240.00000,
,,,-00.000026800000,-240.00000,
,,,-00.000026400000,-240.00000,
,,,-00.000026000000,-200.00000,
,,,-00.000025600000,-240.00000,
,,,-00.000025200000,-200.00000,
,,,-00.000024800000,-200.00000,
,,,-00.000024400000,-200.00000,
,,,-00.000024000000,-200.00000,
,,,-00.000023600000,-200.00000,
,,,-00.000023200000,-200.00000,
,,,-00.000022800000,-200.00000,
,,,-00.000022400000,-200.00000,
,,,-00.000022000000,-200.00000,
,,,-00.000021600000,-200.00000,
,,,-00.000021200000,-160.00000,
,,,-00.000020800000,-120.00000,
,,,-00.000020400000,-160.00000,
,,,-00.000020000000,-120.00000,
,,,-00.000019600000,-160.00000,
,,,-00.000019200000,-120.00000,
,,,-00.000018800000,-160.00000,
,,,-00.000018400000, -80.00000,
,,,-00.000018000000,-120.00000,
,,,-00.000017600000, -80.00000,
,,,-00.000017200000,-120.00000,
,,,-00.000016800000,-120.00000,
,,,-00.000016400000, -80.00000,
,,,-00.000016000000, -80.00000,
,,,-00.000015600000, -80.00000,
,,,-00.000015200000, -80.00000,
,,,-00.000014800000, -80.00000,
,,,-00.000014400000, -40.00000,
,,,-00.000014000000, -40.00000,
,,,-00.000013600000, -40.00000,
,,,-00.000013200000, -40.00000,
,,,-00.000012800000, -40.00000,
,,,-00.000012400000,   0.00000,
,,,-00.000012000000, -40.00000,
,,,-00.000011600000, -40.00000,
,,,-00.000011200000,  40.00000,
,,,-00.000010800000,  40.00000,
,,,-00.000010400000,  80.00000,
,,,-00.000010000000,   0.00000,
,,,-00.000009600000,   0.00000,
,,,-00.000009200000,   0.00000,
,,,-00.000008800000,   0.00000,
,,,-00.000008400000,  40.00000,
,,,-00.000008000000,  40.00000,
,,,-00.000007600000,  80.00000,
,,,-00.000007200000,  80.00000,
,,,-00.000006800000,  80.00000,
,,,-00.000006400000,  80.00000,
,,,-00.000006000000,  40.00000,
,,,-00.000005600000, 120.00000,
,,,-00.000005200000,  80.00000,
,,,-00.000004800000, 120.00000,
,,,-00.000004400000,  80.00000,
,,,-00.000004000000, 120.00000,
,,,-00.000003600000, 160.00000,
,,,-00.000003200000, 160.00000,
,,,-00.000002800000, 160.00000,
,,,-00.000002400000, 120.00000,
,,,-00.000002000000, 120.00000,
,,,-00.000001600000, 160.00000,
,,,-00.000001200000, 160.00000,
,,,-00.000000800000, 160.00000,
,,,-00.000000400000, 200.00000,
,,,-00.000000000000, 200.00000,
,,,00.000000400000, 200.00000,
,,,00.000000800000, 240.00000,
,,,00.000001200000, 200.00000,
,,,00.000001600000, 240.00000,
,,,00.000002000000, 240.00000,
,,,00.000002400000, 280.00000,
,,,00.000002800000, 240.00000,
,,,00.000003200000, 200.00000,
,,,00.000003600000, 280.00000,
,,,00.000004000000, 240.00000,
,,,00.000004400000, 280.00000,
,,,00.000004800000, 280.00000,
,,,00.000005200000, 280.00000,
,,,00.000005600000, 280.00000,
,,,00.000006000000, 280.00000,
,,,00.000006400000, 280.00000,
,,,00.000006800000, 320.00000,
,,,00.000007200000, 320.00000,
,,,00.000007600000, 240.00000,
,,,00.000008000000, 320.00000,
,,,00.000008400000, 360.00000,
,,,00.000008800000, 360.00000,
,,,00.000009200000, 360.00000,
,,,00.000009600000, 360.00000,
,,,00.000010000000, 320.00000,
,,,00.000010400000, 320.00000,
,,,00.000010800000, 440.00000,
,,,00.000011200000, 360.00000,
,,,00.000011600000, 400.00000,
,,,00.000012000000, 400.00000,
,,,00.000012400000, 400.00000,
,,,00.000012800000, 400.00000,
,,,00.000013200000, 440.00000,
,,,00.000013600000, 480.00000,
,,,00.000014000000, 440.00000,
,,,00.000014400000, 400.00000,
,,,00.000014800000, 440.00000,
,,,00.000015200000, 400.00000,
,,,00.000015600000, 440.00000,
,,,00.000016000000, 440.00000,
,,,00.000016400000, 440.00000,
,,,00.000016800000, 440.00000,
,,,00.000017200000, 520.00000,
,,,00.000017600000, 480.00000,
,,,00.000018000000, 440.00000,
,,,00.000018400000, 480.00000,
,,,00.000018800000, 480.00000,
,,,00.000019200000, 560.00000,
,,,00.000019600000, 520.00000,
,,,00.000020000000, 560.00000,
,,,00.000020400000, 560.00000,
,,,00.000020800000, 520.00000,
,,,00.000021200000, 520.00000,
,,,00.000021600000, 560.00000,
,,,00.000022000000, 520.00000,
,,,00.000022400000, 560.00000,
,,,00.000022800000, 560.00000,
,,,00.000023200000, 640.00000,
,,,00.000023600000, 560.00000,
,,,00.000024000000, 600.00000,
,,,00.000024400000, 600.00000,
,,,00.000024800000, 560.00000,
,,,00.000025200000, 640.00000,
,,,00.000025600000, 600.00000,
,,,00.000026000000, 600.00000,
,,,00.000026400000, 640.00000,
,,,00.000026800000, 600.00000,
,,,00.000027200000, 680.00000,
,,,00.000027600000, 680.00000,
,,,00.000028000000, 640.00000,
,,,00.000028400000, 680.00000,
,,,00.000028800000, 680.00000,
,,,00.000029200000, 680.00000,
,,,00.000029600000, 640.00000,
,,,00.000030000000, 680.00000,
,,,00.000030400000, 680.00000,
,,,00.000030800000, 680.00000,
,,,00.000031200000, 720.00000,
,,,00.000031600000, 680.00000,
,,,00.000032000000, 720.00000,
,,,00.000032400000, 760.00000,
,,,00.000032800000, 680.00000,
,,,00.000033200000, 720.00000,
,,,00.000033600000, 720.00000,
,,,00.000034000000, 760.00000,
,,,00.000034400000, 760.00000,
,,,00.000034800000, 800.00000,
,,,00.000035200000, 760.00000,
,,,00.000035600000, 760.00000,
,,,00.000036000000, 800.00000,
,,,00.000036400000, 760.00000,
,,,00.000036800000, 800.00000,
,,,00.000037200000, 800.00000,
,,,00.000037600000, 840.00000,
,,,00.000038000000, 800.00000,
,,,00.000038400000, 840.00000,
,,,00.000038800000, 840.00000,
,,,00.000039200000, 800.00000,
,,,00.000039600000, 840.00000,
,,,00.000040000000, 880.00000,
,,,00.000040400000, 880.00000,
,,,00.000040800000, 840.00000,
,,,00.000041200000, 880.00000,
,,,00.000041600000, 920.00000,
,,,00.000042000000, 880.00000,
,,,00.000042400000, 880.00000,
,,,00.000042800000, 880.00000,
,,,00.000043200000, 840.00000,
,,,00.000043600000, 880.00000,
,,,00.000044000000, 920.00000,
,,,00.000044400000, 920.00000,
,,,00.000044800000, 920.00000,
,,,00.000045200000, 920.00000,
,,,00.000045600000, 960.00000,
,,,00.000046000000, 920.00000,
,,,00.000046400000, 960.00000,
,,,00.000046800000, 960.00000,
,,,00.000047200000, 960.00000,
,,,00.000047600000,1040.00000,
,,,00.000048000000,1000.00000,
,,,00.000048400000,1040.00000,
,,,00.000048800000,1000.00000,
,,,00.000049200000, 960.00000,
,,,00.000049600000,1000.00000,
,,,00.000050000000,1000.00000,
,,,00.000050400000,1040.00000,
,,,00.000050800000,1000.00000,
,,,00.000051200000,1040.00000,
,,,00.000051600000,1000.00000,
,,,00.000052000000,1040.00000,
,,,00.000052400000,1080.00000,
,,,00.000052800000,1040.00000,
,,,00.000053200000,1080.00000,
,,,00.000053600000,1040.00000,
,,,00.000054000000,1080.00000,
,,,00.000054400000,1120.00000,
,,,00.000054800000,1080.00000,
,,,00.000055200000,1080.00000,
,,,00.000055600000,1120.00000,
,,,00.000056000000,1120.00000,
,,,00.000056400000,1120.00000,
,,,00.000056800000,1160.00000,
,,,00.000057200000,1160.00000,
,,,00.000057600000,1120.00000,
,,,00.000058000000,1120.00000,
,,,00.000058400000,1160.00000,
,,,00.000058800000,1200.00000,
,,,00.000059200000,1200.00000,
,,,00.000059600000,1160.00000,
,,,00.000060000000,1160.00000,
,,,00.000060400000,1200.00000,
,,,00.000060800000,1200.00000,
,,,00.000061200000,1160.00000,
,,,00.000061600000,1200.00000,
,,,00.000062000000,1240.00000,
,,,00.000062400000,1200.00000,
,,,00.000062800000,1240.00000,
,,,00.000063200000,1200.00000,
,,,00.000063600000,1240.00000,
,,,00.000064000000,1240.00000,
,,,00.000064400000,1240.00000,
,,,00.000064800000,1240.00000,
,,,00.000065200000,1280.00000,
,,,00.000065600000,1240.00000,
,,,00.000066000000,1320.00000,
,,,00.000066400000,1280.00000,
,,,00.000066800000,1280.00000,
,,,00.000067200000,1240.00000,
,,,00.000067600000,1320.00000,
,,,00.000068000000,1280.00000,
,,,00.000068400000,1280.00000,
,,,00.000068800000,1320.00000,
,,,00.000069200000,1280.00000,
,,,00.000069600000,1320.00000,
,,,00.000070000000,1360.00000,
,,,00.000070400000,1360.00000,
,,,00.000070800000,1360.00000,
,,,00.000071200000,1360.00000,
,,,00.000071600000,1400.00000,
,,,00.000072000000,1320.00000,
,,,00.000072400000,1320.00000,
,,,00.000072800000,1360.00000,
,,,00.000073200000,1320.00000,
,,,00.000073600000,1360.00000,
,,,00.000074000000,1360.00000,
,,,00.000074400000,1400.00000,
,,,00.000074800000,1360.00000,
,,,00.000075200000,1400.00000,
,,,00.000075600000,1400.00000,
,,,00.000076000000,1400.00000,
,,,00.000076400000,1400.00000,
,,,00.000076800000,1400.00000,
,,,00.000077200000,1440.00000,
,,,00.000077600000,1440.00000,
,,,00.000078000000,1400.00000,
,,,00.000078400000,1440.00000,
,,,00.000078800000,1440.00000,
,,,00.000079200000,1360.00000,
,,,00.000079600000,1440.00000,
,,,00.000080000000,1440.00000,
,,,00.000080400000,1440.00000,
,,,00.000080800000,1520.00000,
,,,00.000081200000,1480.00000,
,,,00.000081600000,1480.00000,
,,,00.000082000000,1480.00000,
,,,00.000082400000,1480.00000,
,,,00.000082800000,1440.00000,
,,,00.000083200000,1440.00000,
,,,00.000083600000,1480.00000,
,,,00.000084000000,1480.00000,
,,,00.000084400000,1480.00000,
,,,00.000084800000,1520.00000,
,,,00.000085200000,1480.00000,
,,,00.000085600000,1520.00000,
,,,00.000086000000,1480.00000,
,,,00.000086400000,1560.00000,
,,,00.000086800000,1520.00000,
,,,00.000087200000,1560.00000,
,,,00.000087600000,1560.00000,
,,,00.000088000000,1600.00000,
,,,00.000088400000,1560.00000,
,,,00.000088800000,1600.00000,
,,,00.000089200000,1600.00000,
,,,00.000089600000,1560.00000,
,,,00.000090000000,1560.00000,
,,,00.000090400000,1560.00000,
,,,00.000090800000,1640.00000,
,,,00.000091200000,1600.00000,
,,,00.000091600000,1640.00000,
,,,00.000092000000,1640.00000,
,,,00.000092400000,1600.00000,
,,,00.000092800000,1640.00000,
,,,00.000093200000,1640.00000,
,,,00.000093600000,1640.00000,
,,,00.000094000000,1640.00000,
,,,00.000094400000,1640.00000,
,,,00.000094800000,1640.00000,
,,,00.000095200000,1640.00000,
,,,00.000095600000,1640.00000,
,,,00.000096000000,1600.00000,
,,,00.000096400000,1680.00000,
,,,00.000096800000,1680.00000,
,,,00.000097200000,1640.00000,
,,,00.000097600000,1720.00000,
,,,00.000098000000,1680.00000,
,,,00.000098400000,1720.00000,
,,,00.000098800000,1720.00000,
,,,00.000099200000,1640.00000,
,,,00.000099600000,1720.00000,
,,,00.000100000000,1720.00000,
,,,00.000100400000,1720.00000,
,,,00.000100800000,1760.00000,
,,,00.000101200000,1680.00000,
,,,00.000101600000,1760.00000,
,,,00.000102000000,1720.00000,
,,,00.000102400000,1760.00000,
,,,00.000102800000,1720.00000,
,,,00.000103200000,1720.00000,
,,,00.000103600000,1720.00000,
,,,00.000104000000,1760.00000,
,,,00.000104400000,1800.00000,
,,,00.000104800000,1760.00000,
,,,00.000105200000,1720.00000,
,,,00.000105600000,1800.00000,
,,,00.000106000000,1800.00000,
,,,00.000106400000,1800.00000,
,,,00.000106800000,1720.00000,
,,,00.000107200000,1800.00000,
,,,00.000107600000,1800.00000,
,,,00.000108000000,1840.00000,
,,,00.000108400000,1840.00000,
,,,00.000108800000,1800.00000,
,,,00.000109200000,1840.00000,
,,,00.000109600000,1800.00000,
,,,00.000110000000,1840.00000,
,,,00.000110400000,1800.00000,
,,,00.000110800000,1840.00000,
,,,00.000111200000,1840.00000,
,,,00.000111600000,1880.00000,
,,,00.000112000000,1880.00000,
,,,00.000112400000,1840.00000,
,,,00.000112800000,1840.00000,
,,,00.000113200000,1880.00000,
,,,00.000113600000,1880.00000,
,,,00.000114000000,1880.00000,
,,,00.000114400000,1880.00000,
,,,00.000114800000,1880.00000,
,,,00.000115200000,1880.00000,
,,,00.000115600000,1880.00000,
,,,00.000116000000,1920.00000,
,,,00.000116400000,1880.00000,
,,,00.000116800000,1880.00000,
,,,00.000117200000,1880.00000,
,,,00.000117600000,1920.00000,
,,,00.000118000000,1880.00000,
,,,00.000118400000,1920.00000,
,,,00.000118800000,1960.00000,
,,,00.000119200000,1960.00000,
,,,00.000119600000,1920.00000,
,,,00.000120000000,1920.00000,
,,,00.000120400000,1960.00000,
,,,00.000120800000,1920.00000,
,,,00.000121200000,2000.00000,
,,,00.000121600000,1960.00000,
,,,00.000122000000,1960.00000,
,,,00.000122400000,1960.00000,
,,,00.000122800000,1960.00000,
,,,00.000123200000,1960.00000,
,,,00.000123600000,1960.00000,
,,,00.000124000000,1960.00000,
,,,00.000124400000,2000.00000,
,,,00.000124800000,1960.00000,
,,,00.000125200000,2000.00000,
,,,00.000125600000,2000.00000,
,,,00.000126000000,2000.00000,
,,,00.000126400000,2000.00000,
,,,00.000126800000,2000.00000,
,,,00.000127200000,2000.00000,
,,,00.000127600000,2000.00000,
,,,00.000128000000,2040.00000,
,,,00.000128400000,2000.00000,
,,,00.000128800000,2040.00000,
,,,00.000129200000,2000.00000,
,,,00.000129600000,2040.00000,
,,,00.000130000000,2000.00000,
,,,00.000130400000,2080.00000,
,,,00.000130800000,2080.00000,
,,,00.000131200000,2040.00000,
,,,00.000131600000,2040.00000,
,,,00.000132000000,2040.00000,
,,,00.000132400000,2040.00000,
,,,00.000132800000,2040.00000,
,,,00.000133200000,2120.00000,
,,,00.000133600000,2080.00000,
,,,00.000134000000,2040.00000,
,,,00.000134400000,2040.00000,
,,,00.000134800000,2080.00000,
,,,00.000135200000,2040.00000,
,,,00.000135600000,2080.00000,
,,,00.000136000000,2040.00000,
,,,00.000136400000,2080.00000,
,,,00.000136800000,2080.00000,
,,,00.000137200000,2080.00000,
,,,00.000137600000,2080.00000,
,,,00.000138000000,2120.00000,
,,,00.000138400000,2120.00000,
,,,00.000138800000,2080.00000,
,,,00.000139200000,2080.00000,
,,,00.000139600000,2120.00000,
,,,00.000140000000,2080.00000,
,,,00.000140400000,2120.00000,
,,,00.000140800000,2120.00000,
,,,00.000141200000,2160.00000,
,,,00.000141600000,2120.00000,
,,,00.000142000000,2120.00000,
,,,00.000142400000,2080.00000,
,,,00.000142800000,2160.00000,
,,,00.000143200000,2120.00000,
,,,00.000143600000,2120.00000,
,,,00.000144000000,2160.00000,
,,,00.000144400000,2160.00000,
,,,00.000144800000,2080.00000,
,,,00.000145200000,2160.00000,
,,,00.000145600000,2160.00000,
,,,00.000146000000,2120.00000,
,,,00.000146400000,2120.00000,
,,,00.000146800000,2200.00000,
,,,00.000147200000,2160.00000,
,,,00.000147600000,2200.00000,
,,,00.000148000000,2240.00000,
,,,00.000148400000,2160.00000,
,,,00.000148800000,2200.00000,
,,,00.000149200000,2200.00000,
,,,00.000149600000,2200.00000,
,,,00.000150000000,2200.00000,
,,,00.000150400000,2160.00000,
,,,00.000150800000,2200.00000,
,,,00.000151200000,2200.00000,
,,,00.000151600000,2240.00000,
,,,00.000152000000,2200.00000,
,,,00.000152400000,2200.00000,
,,,00.000152800000,2200.00000,
,,,00.000153200000,2200.00000,
,,,00.000153600000,2200.00000,
,,,00.000154000000,2160.00000,
,,,00.000154400000,2240.00000,
,,,00.000154800000,2200.00000,
,,,00.000155200000,2240.00000,
,,,00.000155600000,2240.00000,
,,,00.000156000000,2240.00000,
,,,00.000156400000,2240.00000,
,,,00.000156800000,2280.00000,
,,,00.000157200000,2200.00000,
,,,00.000157600000,2240.00000,
,,,00.000158000000,2240.00000,
,,,00.000158400000,2240.00000,
,,,00.000158800000,2280.00000,
,,,00.000159200000,2280.00000,
,,,00.000159600000,2240.00000,
,,,00.000160000000,2280.00000,
,,,00.000160400000,2280.00000,
,,,00.000160800000,2240.00000,
,,,00.000161200000,2280.00000,
,,,00.000161600000,2280.00000,
,,,00.000162000000,2280.00000,
,,,00.000162400000,2280.00000,
,,,00.000162800000,2280.00000,
,,,00.000163200000,2320.00000,
,,,00.000163600000,2280.00000,
,,,00.000164000000,2280.00000,
,,,00.000164400000,2280.00000,
,,,00.000164800000,2280.00000,
,,,00.000165200000,2280.00000,
,,,00.000165600000,2360.00000,
,,,00.000166000000,2320.00000,
,,,00.000166400000,2280.00000,
,,,00.000166800000,2320.00000,
,,,00.000167200000,2320.00000,
,,,00.000167600000,2320.00000,
,,,00.000168000000,2360.00000,
,,,00.000168400000,2360.00000,
,,,00.000168800000,2280.00000,
,,,00.000169200000,2360.00000,
,,,00.000169600000,2280.00000,
,,,00.000170000000,2360.00000,
,,,00.000170400000,2360.00000,
,,,00.000170800000,2320.00000,
,,,00.000171200000,2320.00000,
,,,00.000171600000,2320.00000,
,,,00.000172000000,2320.00000,
,,,00.000172400000,2360.00000,
,,,00.000172800000,2360.00000,
,,,00.000173200000,2320.00000,
,,,00.000173600000,2320.00000,
,,,00.000174000000,2400.00000,
,,,00.000174400000,2360.00000,
,,,00.000174800000,2360.00000,
,,,00.000175200000,2320.00000,
,,,00.000175600000,2320.00000,
,,,00.000176000000,2320.00000,
,,,00.000176400000,2320.00000,
,,,00.000176800000,2360.00000,
,,,00.000177200000,2360.00000,
,,,00.000177600000,2360.00000,
,,,00.000178000000,2360.00000,
,,,00.000178400000,2360.00000,
,,,00.000178800000,2360.00000,
,,,00.000179200000,2360.00000,
,,,00.000179600000,2360.00000,
,,,00.000180000000,2400.00000,
,,,00.000180400000,2360.00000,
,,,00.000180800000,2400.00000,
,,,00.000181200000,2360.00000,
,,,00.000181600000,2360.00000,
,,,00.000182000000,2320.00000,
,,,00.000182400000,2360.00000,
,,,00.000182800000,2360.00000,
,,,00.000183200000,2440.00000,
,,,00.000183600000,2400.00000,
,,,00.000184000000,2400.00000,
,,,00.000184400000,2400.00000,
,,,00.000184800000,2400.00000,
,,,00.000185200000,2400.00000,
,,,00.000185600000,2400.00000,
,,,00.000186000000,2360.00000,
,,,00.000186400000,2400.00000,
,,,00.000186800000,2440.00000,
,,,00.000187200000,2360.00000,
,,,00.000187600000,2440.00000,
,,,00.000188000000,2440.00000,
,,,00.000188400000,2400.00000,
,,,00.000188800000,2360.00000,
,,,00.000189200000,2360.00000,
,,,00.000189600000,2480.00000,
,,,00.000190000000,2440.00000,
,,,00.000190400000,2400.00000,
,,,00.000190800000,2400.00000,
,,,00.000191200000,2440.00000,
,,,00.000191600000,2440.00000,
,,,00.000192000000,2360.00000,
,,,00.000192400000,2400.00000,
,,,00.000192800000,2360.00000,
,,,00.000193200000,2400.00000,
,,,00.000193600000,2440.00000,
,,,00.000194000000,2440.00000,
,,,00.000194400000,2440.00000,
,,,00.000194800000,2480.00000,
,,,00.000195200000,2400.00000,
,,,00.000195600000,2480.00000,
,,,00.000196000000,2440.00000,
,,,00.000196400000,2440.00000,
,,,00.000196800000,2400.00000,
,,,00.000197200000,2440.00000,
,,,00.000197600000,2400.00000,
,,,00.000198000000,2440.00000,
,,,00.000198400000,2440.00000,
,,,00.000198800000,2440.00000,
,,,00.000199200000,2440.00000,
,,,00.000199600000,2480.00000,
,,,00.000200000000,2440.00000,
,,,00.000200400000,2440.00000,
,,,00.000200800000,2480.00000,
,,,00.000201200000,2440.00000,
,,,00.000201600000,2480.00000,
,,,00.000202000000,2400.00000,
,,,00.000202400000,2480.00000,
,,,00.000202800000,2440.00000,
,,,00.000203200000,2440.00000,
,,,00.000203600000,2480.00000,
,,,00.000204000000,2400.00000,
,,,00.000204400000,2440.00000,
,,,00.000204800000,2480.00000,
,,,00.000205200000,2480.00000,
,,,00.000205600000,2480.00000,
,,,00.000206000000,2480.00000,
,,,00.000206400000,2480.00000,
,,,00.000206800000,2440.00000,
,,,00.000207200000,2480.00000,
,,,00.000207600000,2480.00000,
,,,00.000208000000,2520.00000,
,,,00.000208400000,2440.00000,
,,,00.000208800000,2480.00000,
,,,00.000209200000,2480.00000,
,,,00.000209600000,2520.00000,
,,,00.000210000000,2440.00000,
,,,00.000210400000,2440.00000,
,,,00.000210800000,2520.00000,
,,,00.000211200000,2440.00000,
,,,00.000211600000,2480.00000,
,,,00.000212000000,2480.00000,
,,,00.000212400000,2480.00000,
,,,00.000212800000,2480.00000,
,,,00.000213200000,2440.00000,
,,,00.000213600000,2440.00000,
,,,00.000214000000,2480.00000,
,,,00.000214400000,2480.00000,
,,,00.000214800000,2440.00000,
,,,00.000215200000,2520.00000,
,,,00.000215600000,2480.00000,
,,,00.000216000000,2440.00000,
,,,00.000216400000,2480.00000,
,,,00.000216800000,2520.00000,
,,,00.000217200000,2520.00000,
,,,00.000217600000,2480.00000,
,,,00.000218000000,2480.00000,
,,,00.000218400000,2480.00000,
,,,00.000218800000,2440.00000,
,,,00.000219200000,2480.00000,
,,,00.000219600000,2520.00000,
,,,00.000220000000,2440.00000,
,,,00.000220400000,2520.00000,
,,,00.000220800000,2520.00000,
,,,00.000221200000,2480.00000,
,,,00.000221600000,2480.00000,
,,,00.000222000000,2480.00000,
,,,00.000222400000,2480.00000,
,,,00.000222800000,2480.00000,
,,,00.000223200000,2480.00000,
,,,00.000223600000,2520.00000,
,,,00.000224000000,2480.00000,
,,,00.000224400000,2520.00000,
,,,00.000224800000,2480.00000,
,,,00.000225200000,2480.00000,
,,,00.000225600000,2440.00000,
,,,00.000226000000,2480.00000,
,,,00.000226400000,2480.00000,
,,,00.000226800000,2440.00000,
,,,00.000227200000,2480.00000,
,,,00.000227600000,2480.00000,
,,,00.000228000000,2440.00000,
,,,00.000228400000,2480.00000,
,,,00.000228800000,2480.00000,
,,,00.000229200000,2520.00000,
,,,00.000229600000,2480.00000,
,,,00.000230000000,2480.00000,
,,,00.000230400000,2440.00000,
,,,00.000230800000,2480.00000,
,,,00.000231200000,2480.00000,
,,,00.000231600000,2440.00000,
,,,00.000232000000,2520.00000,
,,,00.000232400000,2520.00000,
,,,00.000232800000,2520.00000,
,,,00.000233200000,2440.00000,
,,,00.000233600000,2480.00000,
,,,00.000234000000,2480.00000,
,,,00.000234400000,2520.00000,
,,,00.000234800000,2440.00000,
,,,00.000235200000,2520.00000,
,,,00.000235600000,2480.00000,
,,,00.000236000000,2480.00000,
,,,00.000236400000,2440.00000,
,,,00.000236800000,2480.00000,
,,,00.000237200000,2480.00000,
,,,00.000237600000,2480.00000,
,,,00.000238000000,2480.00000,
,,,00.000238400000,2520.00000,
,,,00.000238800000,2440.00000,
,,,00.000239200000,2520.00000,
,,,00.000239600000,2480.00000,
,,,00.000240000000,2480.00000,
,,,00.000240400000,2480.00000,
,,,00.000240800000,2480.00000,
,,,00.000241200000,2440.00000,
,,,00.000241600000,2440.00000,
,,,00.000242000000,2480.00000,
,,,00.000242400000,2480.00000,
,,,00.000242800000,2440.00000,
,,,00.000243200000,2480.00000,
,,,00.000243600000,2440.00000,
,,,00.000244000000,2480.00000,
,,,00.000244400000,2440.00000,
,,,00.000244800000,2480.00000,
,,,00.000245200000,2440.00000,
,,,00.000245600000,2400.00000,
,,,00.000246000000,2440.00000,
,,,00.000246400000,2480.00000,
,,,00.000246800000,2440.00000,
,,,00.000247200000,2440.00000,
,,,00.000247600000,2440.00000,
,,,00.000248000000,2440.00000,
,,,00.000248400000,2480.00000,
,,,00.000248800000,2400.00000,
,,,00.000249200000,2480.00000,
,,,00.000249600000,2440.00000,
,,,00.000250000000,2440.00000,
,,,00.000250400000,2440.00000,
,,,00.000250800000,2440.00000,
,,,00.000251200000,2440.00000,
,,,00.000251600000,2480.00000,
,,,00.000252000000,2440.00000,
,,,00.000252400000,2480.00000,
,,,00.000252800000,2400.00000,
,,,00.000253200000,2440.00000,
,,,00.000253600000,2440.00000,
,,,00.000254000000,2400.00000,
,,,00.000254400000,2440.00000,
,,,00.000254800000,2480.00000,
,,,00.000255200000,2440.00000,
,,,00.000255600000,2400.00000,
,,,00.000256000000,2400.00000,
,,,00.000256400000,2440.00000,
,,,00.000256800000,2440.00000,
,,,00.000257200000,2440.00000,
,,,00.000257600000,2440.00000,
,,,00.000258000000,2440.00000,
,,,00.000258400000,2440.00000,
,,,00.000258800000,2480.00000,
,,,00.000259200000,2440.00000,
,,,00.000259600000,2360.00000,
,,,00.000260000000,2400.00000,
,,,00.000260400000,2400.00000,
,,,00.000260800000,2400.00000,
,,,00.000261200000,2400.00000,
,,,00.000261600000,2440.00000,
,,,00.000262000000,2400.00000,
,,,00.000262400000,2400.00000,
,,,00.000262800000,2400.00000,
,,,00.000263200000,2400.00000,
,,,00.000263600000,2400.00000,
,,,00.000264000000,2400.00000,
,,,00.000264400000,2400.00000,
,,,00.000264800000,2440.00000,
,,,00.000265200000,2360.00000,
,,,00.000265600000,2440.00000,
,,,00.000266000000,2400.00000,
,,,00.000266400000,2360.00000,
,,,00.000266800000,2400.00000,
,,,00.000267200000,2400.00000,
,,,00.000267600000,2360.00000,
,,,00.000268000000,2360.00000,
,,,00.000268400000,2360.00000,
,,,00.000268800000,2400.00000,
,,,00.000269200000,2400.00000,
,,,00.000269600000,2360.00000,
,,,00.000270000000,2360.00000,
,,,00.000270400000,2360.00000,
,,,00.000270800000,2360.00000,
,,,00.000271200000,2360.00000,
,,,00.000271600000,2360.00000,
,,,00.000272000000,2360.00000,
,,,00.000272400000,2400.00000,
,,,00.000272800000,2360.00000,
,,,00.000273200000,2360.00000,
,,,00.000273600000,2320.00000,
,,,00.000274000000,2360.00000,
,,,00.000274400000,2360.00000,
,,,00.000274800000,2320.00000,
,,,00.000275200000,2320.00000,
,,,00.000275600000,2320.00000,
,,,00.000276000000,2320.00000,
,,,00.000276400000,2320.00000,
,,,00.000276800000,2360.00000,
,,,00.000277200000,2280.00000,
,,,00.000277600000,2320.00000,
,,,00.000278000000,2360.00000,
,,,00.000278400000,2320.00000,
,,,00.000278800000,2360.00000,
,,,00.000279200000,2320.00000,
,,,00.000279600000,2320.00000,
,,,00.000280000000,2360.00000,
,,,00.000280400000,2320.00000,
,,,00.000280800000,2280.00000,
,,,00.000281200000,2320.00000,
,,,00.000281600000,2280.00000,
,,,00.000282000000,2360.00000,
,,,00.000282400000,2280.00000,
,,,00.000282800000,2320.00000,
,,,00.000283200000,2280.00000,
,,,00.000283600000,2320.00000,
,,,00.000284000000,2320.00000,
,,,00.000284400000,2320.00000,
,,,00.000284800000,2280.00000,
,,,00.000285200000,2320.00000,
,,,00.000285600000,2280.00000,
,,,00.000286000000,2280.00000,
,,,00.000286400000,2280.00000,
,,,00.000286800000,2240.00000,
,,,00.000287200000,2320.00000,
,,,00.000287600000,2280.00000,
,,,00.000288000000,2280.00000,
,,,00.000288400000,2280.00000,
,,,00.000288800000,2320.00000,
,,,00.000289200000,2280.00000,
,,,00.000289600000,2240.00000,
,,,00.000290000000,2240.00000,
,,,00.000290400000,2240.00000,
,,,00.000290800000,2280.00000,
,,,00.000291200000,2280.00000,
,,,00.000291600000,2200.00000,
,,,00.000292000000,2240.00000,
,,,00.000292400000,2200.00000,
,,,00.000292800000,2240.00000,
,,,00.000293200000,2240.00000,
,,,00.000293600000,2240.00000,
,,,00.000294000000,2200.00000,
,,,00.000294400000,2160.00000,
,,,00.000294800000,2240.00000,
,,,00.000295200000,2200.00000,
,,,00.000295600000,2200.00000,
,,,00.000296000000,2240.00000,
,,,00.000296400000,2200.00000,
,,,00.000296800000,2200.00000,
,,,00.000297200000,2200.00000,
,,,00.000297600000,2200.00000,
,,,00.000298000000,2200.00000,
,,,00.000298400000,2160.00000,
,,,00.000298800000,2240.00000,
,,,00.000299200000,2160.00000,
,,,00.000299600000,2200.00000,
,,,00.000300000000,2160.00000,
,,,00.000300400000,2200.00000,
,,,00.000300800000,2160.00000,
,,,00.000301200000,2200.00000,
,,,00.000301600000,2120.00000,
,,,00.000302000000,2160.00000,
,,,00.000302400000,2200.00000,
,,,00.000302800000,2160.00000,
,,,00.000303200000,2120.00000,
,,,00.000303600000,2120.00000,
,,,00.000304000000,2160.00000,
,,,00.000304400000,2200.00000,
,,,00.000304800000,2120.00000,
,,,00.000305200000,2080.00000,
,,,00.000305600000,2120.00000,
,,,00.000306000000,2080.00000,
,,,00.000306400000,2120.00000,
,,,00.000306800000,2080.00000,
,,,00.000307200000,2120.00000,
,,,00.000307600000,2080.00000,
,,,00.000308000000,2120.00000,
,,,00.000308400000,2120.00000,
,,,00.000308800000,2120.00000,
,,,00.000309200000,2080.00000,
,,,00.000309600000,2080.00000,
,,,00.000310000000,2040.00000,
,,,00.000310400000,2080.00000,
,,,00.000310800000,2000.00000,
,,,00.000311200000,2040.00000,
,,,00.000311600000,2120.00000,
,,,00.000312000000,2080.00000,
,,,00.000312400000,2080.00000,
,,,00.000312800000,2080.00000,
,,,00.000313200000,2040.00000,
,,,00.000313600000,2040.00000,
,,,00.000314000000,2000.00000,
,,,00.000314400000,2080.00000,
,,,00.000314800000,2040.00000,
,,,00.000315200000,2040.00000,
,,,00.000315600000,2000.00000,
,,,00.000316000000,2040.00000,
,,,00.000316400000,2000.00000,
,,,00.000316800000,2000.00000,
,,,00.000317200000,2040.00000,
,,,00.000317600000,2000.00000,
,,,00.000318000000,2000.00000,
,,,00.000318400000,2040.00000,
,,,00.000318800000,2000.00000,
,,,00.000319200000,2000.00000,
,,,00.000319600000,2000.00000,
,,,00.000320000000,2040.00000,
,,,00.000320400000,2000.00000,
,,,00.000320800000,2000.00000,
,,,00.000321200000,1960.00000,
,,,00.000321600000,2000.00000,
,,,00.000322000000,1960.00000,
,,,00.000322400000,1960.00000,
,,,00.000322800000,1960.00000,
,,,00.000323200000,1960.00000,
,,,00.000323600000,1960.00000,
,,,00.000324000000,1920.00000,
,,,00.000324400000,1960.00000,
,,,00.000324800000,1920.00000,
,,,00.000325200000,1960.00000,
,,,00.000325600000,1960.00000,
,,,00.000326000000,1960.00000,
,,,00.000326400000,1920.00000,
,,,00.000326800000,1960.00000,
,,,00.000327200000,1880.00000,
,,,00.000327600000,1960.00000,
,,,00.000328000000,1920.00000,
,,,00.000328400000,1920.00000,
,,,00.000328800000,1920.00000,
,,,00.000329200000,1880.00000,
,,,00.000329600000,1920.00000,
,,,00.000330000000,1920.00000,
,,,00.000330400000,1880.00000,
,,,00.000330800000,1880.00000,
,,,00.000331200000,1920.00000,
,,,00.000331600000,1920.00000,
,,,00.000332000000,1880.00000,
,,,00.000332400000,1880.00000,
,,,00.000332800000,1880.00000,
,,,00.000333200000,1880.00000,
,,,00.000333600000,1880.00000,
,,,00.000334000000,1840.00000,
,,,00.000334400000,1840.00000,
,,,00.000334800000,1840.00000,
,,,00.000335200000,1880.00000,
,,,00.000335600000,1840.00000,
,,,00.000336000000,1840.00000,
,,,00.000336400000,1800.00000,
,,,00.000336800000,1840.00000,
,,,00.000337200000,1760.00000,
,,,00.000337600000,1840.00000,
,,,00.000338000000,1840.00000,
,,,00.000338400000,1800.00000,
,,,00.000338800000,1760.00000,
,,,00.000339200000,1760.00000,
,,,00.000339600000,1760.00000,
,,,00.000340000000,1760.00000,
,,,00.000340400000,1760.00000,
,,,00.000340800000,1800.00000,
,,,00.000341200000,1760.00000,
,,,00.000341600000,1800.00000,
,,,00.000342000000,1800.00000,
,,,00.000342400000,1720.00000,
,,,00.000342800000,1720.00000,
,,,00.000343200000,1720.00000,
,,,00.000343600000,1720.00000,
,,,00.000344000000,1720.00000,
,,,00.000344400000,1680.00000,
,,,00.000344800000,1720.00000,
,,,00.000345200000,1720.00000,
,,,00.000345600000,1680.00000,
,,,00.000346000000,1720.00000,
,,,00.000346400000,1640.00000,
,,,00.000346800000,1720.00000,
,,,00.000347200000,1680.00000,
,,,00.000347600000,1640.00000,
,,,00.000348000000,1720.00000,
,,,00.000348400000,1640.00000,
,,,00.000348800000,1720.00000,
,,,00.000349200000,1640.00000,
,,,00.000349600000,1680.00000,
,,,00.000350000000,1640.00000,
,,,00.000350400000,1600.00000,
,,,00.000350800000,1640.00000,
,,,00.000351200000,1640.00000,
,,,00.000351600000,1640.00000,
,,,00.000352000000,1640.00000,
,,,00.000352400000,1640.00000,
,,,00.000352800000,1560.00000,
,,,00.000353200000,1600.00000,
,,,00.000353600000,1600.00000,
,,,00.000354000000,1600.00000,
,,,00.000354400000,1600.00000,
,,,00.000354800000,1600.00000,
,,,00.000355200000,1560.00000,
,,,00.000355600000,1560.00000,
,,,00.000356000000,1560.00000,
,,,00.000356400000,1600.00000,
,,,00.000356800000,1520.00000,
,,,00.000357200000,1560.00000,
,,,00.000357600000,1520.00000,
,,,00.000358000000,1560.00000,
,,,00.000358400000,1520.00000,
,,,00.000358800000,1560.00000,
,,,00.000359200000,1480.00000,
,,,00.000359600000,1480.00000,
,,,00.000360000000,1480.00000,
,,,00.000360400000,1520.00000,
,,,00.000360800000,1480.00000,
,,,00.000361200000,1520.00000,
,,,00.000361600000,1520.00000,
,,,00.000362000000,1480.00000,
,,,00.000362400000,1480.00000,
,,,00.000362800000,1520.00000,
,,,00.000363200000,1480.00000,
,,,00.000363600000,1480.00000,
,,,00.000364000000,1440.00000,
,,,00.000364400000,1480.00000,
,,,00.000364800000,1480.00000,
,,,00.000365200000,1480.00000,
,,,00.000365600000,1480.00000,
,,,00.000366000000,1440.00000,
,,,00.000366400000,1440.00000,
,,,00.000366800000,1400.00000,
,,,00.000367200000,1400.00000,
,,,00.000367600000,1360.00000,
,,,00.000368000000,1480.00000,
,,,00.000368400000,1400.00000,
,,,00.000368800000,1440.00000,
,,,00.000369200000,1360.00000,
,,,00.000369600000,1360.00000,
,,,00.000370000000,1400.00000,
,,,00.000370400000,1360.00000,
,,,00.000370800000,1360.00000,
,,,00.000371200000,1400.00000,
,,,00.000371600000,1400.00000,
,,,00.000372000000,1400.00000,
,,,00.000372400000,1360.00000,
,,,00.000372800000,1320.00000,
,,,00.000373200000,1360.00000,
,,,00.000373600000,1320.00000,
,,,00.000374000000,1320.00000,
,,,00.000374400000,1320.00000,
,,,00.000374800000,1280.00000,
,,,00.000375200000,1360.00000,
,,,00.000375600000,1320.00000,
,,,00.000376000000,1280.00000,
,,,00.000376400000,1280.00000,
,,,00.000376800000,1240.00000,
,,,00.000377200000,1280.00000,
,,,00.000377600000,1280.00000,
,,,00.000378000000,1280.00000,
,,,00.000378400000,1240.00000,
,,,00.000378800000,1240.00000,
,,,00.000379200000,1280.00000,
,,,00.000379600000,1200.00000,
,,,00.000380000000,1240.00000,
,,,00.000380400000,1240.00000,
,,,00.000380800000,1240.00000,
,,,00.000381200000,1240.00000,
,,,00.000381600000,1200.00000,
,,,00.000382000000,1200.00000,
,,,00.000382400000,1200.00000,
,,,00.000382800000,1240.00000,
,,,00.000383200000,1240.00000,
,,,00.000383600000,1200.00000,
,,,00.000384000000,1200.00000,
,,,00.000384400000,1160.00000,
,,,00.000384800000,1120.00000,
,,,00.000385200000,1160.00000,
,,,00.000385600000,1160.00000,
,,,00.000386000000,1160.00000,
,,,00.000386400000,1120.00000,
,,,00.000386800000,1080.00000,
,,,00.000387200000,1160.00000,
,,,00.000387600000,1080.00000,
,,,00.000388000000,1120.00000,
,,,00.000388400000,1080.00000,
,,,00.000388800000,1080.00000,
,,,00.000389200000,1080.00000,
,,,00.000389600000,1080.00000,
,,,00.000390000000,1040.00000,
,,,00.000390400000,1080.00000,
,,,00.000390800000,1080.00000,
,,,00.000391200000,1080.00000,
,,,00.000391600000,1040.00000,
,,,00.000392000000,1040.00000,
,,,00.000392400000,1000.00000,
,,,00.000392800000,1040.00000,
,,,00.000393200000,1000.00000,
,,,00.000393600000,1000.00000,
,,,00.000394000000,1000.00000,
,,,00.000394400000,1040.00000,
,,,00.000394800000,1000.00000,
,,,00.000395200000,1000.00000,
,,,00.000395600000,1000.00000,
,,,00.000396000000, 960.00000,
,,,00.000396400000,1000.00000,
,,,00.000396800000, 960.00000,
,,,00.000397200000, 920.00000,
,,,00.000397600000, 920.00000,
,,,00.000398000000, 960.00000,
,,,00.000398400000, 920.00000,
,,,00.000398800000, 920.00000,
,,,00.000399200000, 880.00000,
,,,00.000399600000, 880.00000,
,,,00.000400000000, 880.00000,
,,,00.000400400000, 920.00000,
,,,00.000400800000, 880.00000,
,,,00.000401200000, 920.00000,
,,,00.000401600000, 920.00000,
,,,00.000402000000, 840.00000,
,,,00.000402400000, 840.00000,
,,,00.000402800000, 840.00000,
,,,00.000403200000, 800.00000,
,,,00.000403600000, 840.00000,
,,,00.000404000000, 840.00000,
,,,00.000404400000, 800.00000,
,,,00.000404800000, 840.00000,
,,,00.000405200000, 800.00000,
,,,00.000405600000, 840.00000,
,,,00.000406000000, 840.00000,
,,,00.000406400000, 800.00000,
,,,00.000406800000, 840.00000,
,,,00.000407200000, 760.00000,
,,,00.000407600000, 800.00000,
,,,00.000408000000, 760.00000,
,,,00.000408400000, 760.00000,
,,,00.000408800000, 720.00000,
,,,00.000409200000, 760.00000,
,,,00.000409600000, 760.00000,
,,,00.000410000000, 720.00000,
,,,00.000410400000, 760.00000,
,,,00.000410800000, 760.00000,
,,,00.000411200000, 720.00000,
,,,00.000411600000, 720.00000,
,,,00.000412000000, 680.00000,
,,,00.000412400000, 680.00000,
,,,00.000412800000, 720.00000,
,,,00.000413200000, 680.00000,
,,,00.000413600000, 680.00000,
,,,00.000414000000, 680.00000,
,,,00.000414400000, 680.00000,
,,,00.000414800000, 680.00000,
,,,00.000415200000, 680.00000,
,,,00.000415600000, 640.00000,
,,,00.000416000000, 640.00000,
,,,00.000416400000, 640.00000,
,,,00.000416800000, 600.00000,
,,,00.000417200000, 600.00000,
,,,00.000417600000, 600.00000,
,,,00.000418000000, 560.00000,
,,,00.000418400000, 640.00000,
,,,00.000418800000, 600.00000,
,,,00.000419200000, 600.00000,
,,,00.000419600000, 560.00000,
,,,00.000420000000, 600.00000,
,,,00.000420400000, 600.00000,
,,,00.000420800000, 560.00000,
,,,00.000421200000, 560.00000,
,,,00.000421600000, 520.00000,
,,,00.000422000000, 480.00000,
,,,00.000422400000, 520.00000,
,,,00.000422800000, 520.00000,
,,,00.000423200000, 520.00000,
,,,00.000423600000, 520.00000,
,,,00.000424000000, 520.00000,
,,,00.000424400000, 480.00000,
,,,00.000424800000, 480.00000,
,,,00.000425200000, 480.00000,
,,,00.000425600000, 440.00000,
,,,00.000426000000, 440.00000,
,,,00.000426400000, 400.00000,
,,,00.000426800000, 440.00000,
,,,00.000427200000, 440.00000,
,,,00.000427600000, 440.00000,
,,,00.000428000000, 440.00000,
,,,00.000428400000, 440.00000,
,,,00.000428800000, 400.00000,
,,,00.000429200000, 400.00000,
,,,00.000429600000, 400.00000,
,,,00.000430000000, 400.00000,
,,,00.000430400000, 400.00000,
,,,00.000430800000, 400.00000,
,,,00.000431200000, 360.00000,
,,,00.000431600000, 400.00000,
,,,00.000432000000, 400.00000,
,,,00.000432400000, 320.00000,
,,,00.000432800000, 360.00000,
,,,00.000433200000, 320.00000,
,,,00.000433600000, 360.00000,
,,,00.000434000000, 320.00000,
,,,00.000434400000, 280.00000,
,,,00.000434800000, 280.00000,
,,,00.000435200000, 320.00000,
,,,00.000435600000, 280.00000,
,,,00.000436000000, 280.00000,
,,,00.000436400000, 280.00000,
,,,00.000436800000, 320.00000,
,,,00.000437200000, 280.00000,
,,,00.000437600000, 280.00000,
,,,00.000438000000, 280.00000,
,,,00.000438400000, 240.00000,
,,,00.000438800000, 280.00000,
,,,00.000439200000, 240.00000,
,,,00.000439600000, 240.00000,
,,,00.000440000000, 240.00000,
,,,00.000440400000, 240.00000,
,,,00.000440800000, 240.00000,
,,,00.000441200000, 200.00000,
,,,00.000441600000, 160.00000,
,,,00.000442000000, 200.00000,
,,,00.000442400000, 160.00000,
,,,00.000442800000, 160.00000,
,,,00.000443200000, 160.00000,
,,,00.000443600000, 160.00000,
,,,00.000444000000, 200.00000,
,,,00.000444400000, 120.00000,
,,,00.000444800000, 120.00000,
,,,00.000445200000, 120.00000,
,,,00.000445600000, 120.00000,
,,,00.000446000000, 160.00000,
,,,00.000446400000, 120.00000,
,,,00.000446800000,  80.00000,
,,,00.000447200000,  80.00000,
,,,00.000447600000,  40.00000,
,,,00.000448000000,  80.00000,
,,,00.000448400000,  40.00000,
,,,00.000448800000,  40.00000,
,,,00.000449200000,  80.00000,
,,,00.000449600000,  40.00000,
,,,00.000450000000,  40.00000,
,,,00.000450400000,  80.00000,
,,,00.000450800000,  40.00000,
,,,00.000451200000,   0.00000,
,,,00.000451600000,  80.00000,
,,,00.000452000000,  40.00000,
,,,00.000452400000,   0.00000,
,,,00.000452800000,   0.00000,
,,,00.000453200000,  40.00000,
,,,00.000453600000,   0.00000,
,,,00.000454000000,   0.00000,
,,,00.000454400000,  40.00000,
,,,00.000454800000,   0.00000,
,,,00.000455200000, -40.00000,
,,,00.000455600000, -40.00000,
,,,00.000456000000, -80.00000,
,,,00.000456400000, -80.00000,
,,,00.000456800000, -80.00000,
,,,00.000457200000,-120.00000,
,,,00.000457600000, -80.00000,
,,,00.000458000000, -40.00000,
,,,00.000458400000, -80.00000,
,,,00.000458800000,-120.00000,
,,,00.000459200000,-160.00000,
,,,00.000459600000,-120.00000,
,,,00.000460000000,-160.00000,
,,,00.000460400000,-160.00000,
,,,00.000460800000, -80.00000,
,,,00.000461200000,-160.00000,
,,,00.000461600000,-160.00000,
,,,00.000462000000,-160.00000,
,,,00.000462400000,-160.00000,
,,,00.000462800000,-200.00000,
,,,00.000463200000,-200.00000,
,,,00.000463600000,-200.00000,
,,,00.000464000000,-200.00000,
,,,00.000464400000,-160.00000,
,,,00.000464800000,-160.00000,
,,,00.000465200000,-280.00000,
,,,00.000465600000,-200.00000,
,,,00.000466000000,-200.00000,
,,,00.000466400000,-240.00000,
,,,00.000466800000,-240.00000,
,,,00.000467200000,-200.00000,
,,,00.000467600000,-240.00000,
,,,00.000468000000,-240.00000,
,,,00.000468400000,-280.00000,
,,,00.000468800000,-240.00000,
,,,00.000469200000,-280.00000,
,,,00.000469600000,-360.00000,
,,,00.000470000000,-320.00000,
,,,00.000470400000,-280.00000,
,,,00.000470800000,-320.00000,
,,,00.000471200000,-280.00000,
,,,00.000471600000,-320.00000,
,,,00.000472000000,-320.00000,
,,,00.000472400000,-320.00000,
,,,00.000472800000,-360.00000,
,,,00.000473200000,-360.00000,
,,,00.000473600000,-360.00000,
,,,00.000474000000,-360.00000,
,,,00.000474400000,-440.00000,
,,,00.000474800000,-360.00000,
,,,00.000475200000,-360.00000,
,,,00.000475600000,-360.00000,
,,,00.000476000000,-400.00000,
,,,00.000476400000,-400.00000,
,,,00.000476800000,-400.00000,
,,,00.000477200000,-400.00000,
,,,00.000477600000,-400.00000,
,,,00.000478000000,-440.00000,
,,,00.000478400000,-440.00000,
,,,00.000478800000,-440.00000,
,,,00.000479200000,-480.00000,
,,,00.000479600000,-440.00000,
,,,00.000480000000,-480.00000,
,,,00.000480400000,-480.00000,
,,,00.000480800000,-480.00000,
,,,00.000481200000,-480.00000,
,,,00.000481600000,-480.00000,
,,,00.000482000000,-520.00000,
,,,00.000482400000,-520.00000,
,,,00.000482800000,-520.00000,
,,,00.000483200000,-560.00000,
,,,00.000483600000,-480.00000,
,,,00.000484000000,-480.00000,
,,,00.000484400000,-520.00000,
,,,00.000484800000,-600.00000,
,,,00.000485200000,-560.00000,
,,,00.000485600000,-600.00000,
,,,00.000486000000,-560.00000,
,,,00.000486400000,-560.00000,
,,,00.000486800000,-600.00000,
,,,00.000487200000,-640.00000,
,,,00.000487600000,-600.00000,
,,,00.000488000000,-640.00000,
,,,00.000488400000,-600.00000,
,,,00.000488800000,-560.00000,
,,,00.000489200000,-640.00000,
,,,00.000489600000,-640.00000,
,,,00.000490000000,-640.00000,
,,,00.000490400000,-640.00000,
,,,00.000490800000,-680.00000,
,,,00.000491200000,-640.00000,
,,,00.000491600000,-680.00000,
,,,00.000492000000,-680.00000,
,,,00.000492400000,-680.00000,
,,,00.000492800000,-720.00000,
,,,00.000493200000,-680.00000,
,,,00.000493600000,-640.00000,
,,,00.000494000000,-680.00000,
,,,00.000494400000,-680.00000,
,,,00.000494800000,-760.00000,
,,,00.000495200000,-720.00000,
,,,00.000495600000,-720.00000,
,,,00.000496000000,-720.00000,
,,,00.000496400000,-760.00000,
,,,00.000496800000,-800.00000,
,,,00.000497200000,-800.00000,
,,,00.000497600000,-760.00000,
,,,00.000498000000,-760.00000,
,,,00.000498400000,-800.00000,
,,,00.000498800000,-800.00000,
,,,00.000499200000,-800.00000,
,,,00.000499600000,-800.00000,
,,,00.000500000000,-800.00000,
,,,00.000500400000,-800.00000,
,,,00.000500800000,-840.00000,
,,,00.000501200000,-840.00000,
,,,00.000501600000,-840.00000,
,,,00.000502000000,-880.00000,
,,,00.000502400000,-840.00000,
,,,00.000502800000,-880.00000,
,,,00.000503200000,-840.00000,
,,,00.000503600000,-840.00000,
,,,00.000504000000,-880.00000,
,,,00.000504400000,-840.00000,
,,,00.000504800000,-880.00000,
,,,00.000505200000,-880.00000,
,,,00.000505600000,-920.00000,
,,,00.000506000000,-920.00000,
,,,00.000506400000,-920.00000,
,,,00.000506800000,-920.00000,
,,,00.000507200000,-960.00000,
,,,00.000507600000,-1000.00000,
,,,00.000508000000,-960.00000,
,,,00.000508400000,-960.00000,
,,,00.000508800000,-960.00000,
,,,00.000509200000,-1000.00000,
,,,00.000509600000,-1000.00000,
,,,00.000510000000,-960.00000,
,,,00.000510400000,-1000.00000,
,,,00.000510800000,-960.00000,
,,,00.000511200000,-1000.00000,
,,,00.000511600000,-1040.00000,
,,,00.000512000000,-1000.00000,
,,,00.000512400000,-1040.00000,
,,,00.000512800000,-1000.00000,
,,,00.000513200000,-1040.00000,
,,,00.000513600000,-1080.00000,
,,,00.000514000000,-1120.00000,
,,,00.000514400000,-1080.00000,
,,,00.000514800000,-1080.00000,
,,,00.000515200000,-1080.00000,
,,,00.000515600000,-1080.00000,
,,,00.000516000000,-1080.00000,
,,,00.000516400000,-1120.00000,
,,,00.000516800000,-1080.00000,
,,,00.000517200000,-1120.00000,
,,,00.000517600000,-1120.00000,
,,,00.000518000000,-1120.00000,
,,,00.000518400000,-1160.00000,
,,,00.000518800000,-1120.00000,
,,,00.000519200000,-1160.00000,
,,,00.000519600000,-1160.00000,
,,,00.000520000000,-1120.00000,
,,,00.000520400000,-1160.00000,
,,,00.000520800000,-1200.00000,
,,,00.000521200000,-1240.00000,
,,,00.000521600000,-1200.00000,
,,,00.000522000000,-1200.00000,
,,,00.000522400000,-1200.00000,
,,,00.000522800000,-1200.00000,
,,,00.000523200000,-1240.00000,
,,,00.000523600000,-1160.00000,
,,,00.000524000000,-1240.00000,
,,,00.000524400000,-1240.00000,
,,,00.000524800000,-1200.00000,
,,,00.000525200000,-1280.00000,
,,,00.000525600000,-1240.00000,
,,,00.000526000000,-1240.00000,
,,,00.000526400000,-1280.00000,
,,,00.000526800000,-1280.00000,
,,,00.000527200000,-1280.00000,
,,,00.000527600000,-1240.00000,
,,,00.000528000000,-1360.00000,
,,,00.000528400000,-1320.00000,
,,,00.000528800000,-1280.00000,
,,,00.000529200000,-1320.00000,
,,,00.000529600000,-1320.00000,
,,,00.000530000000,-1320.00000,
,,,00.000530400000,-1320.00000,
,,,00.000530800000,-1360.00000,
,,,00.000531200000,-1360.00000,
,,,00.000531600000,-1400.00000,
,,,00.000532000000,-1400.00000,
,,,00.000532400000,-1320.00000,
,,,00.000532800000,-1320.00000,
,,,00.000533200000,-1360.00000,
,,,00.000533600000,-1360.00000,
,,,00.000534000000,-1400.00000,
,,,00.000534400000,-1360.00000,
,,,00.000534800000,-1400.00000,
,,,00.000535200000,-1480.00000,
,,,00.000535600000,-1400.00000,
,,,00.000536000000,-1440.00000,
,,,00.000536400000,-1440.00000,
,,,00.000536800000,-1440.00000,
,,,00.000537200000,-1440.00000,
,,,00.000537600000,-1480.00000,
,,,00.000538000000,-1440.00000,
,,,00.000538400000,-1440.00000,
,,,00.000538800000,-1480.00000,
,,,00.000539200000,-1440.00000,
,,,00.000539600000,-1520.00000,
,,,00.000540000000,-1440.00000,
,,,00.000540400000,-1480.00000,
,,,00.000540800000,-1480.00000,
,,,00.000541200000,-1520.00000,
,,,00.000541600000,-1520.00000,
,,,00.000542000000,-1520.00000,
,,,00.000542400000,-1520.00000,
,,,00.000542800000,-1520.00000,
,,,00.000543200000,-1480.00000,
,,,00.000543600000,-1560.00000,
,,,00.000544000000,-1480.00000,
,,,00.000544400000,-1600.00000,
,,,00.000544800000,-1560.00000,
,,,00.000545200000,-1600.00000,
,,,00.000545600000,-1560.00000,
,,,00.000546000000,-1560.00000,
,,,00.000546400000,-1560.00000,
,,,00.000546800000,-1560.00000,
,,,00.000547200000,-1560.00000,
,,,00.000547600000,-1600.00000,
,,,00.000548000000,-1600.00000,
,,,00.000548400000,-1600.00000,
,,,00.000548800000,-1640.00000,
,,,00.000549200000,-1600.00000,
,,,00.000549600000,-1600.00000,
,,,00.000550000000,-1640.00000,
,,,00.000550400000,-1600.00000,
,,,00.000550800000,-1640.00000,
,,,00.000551200000,-1680.00000,
,,,00.000551600000,-1640.00000,
,,,00.000552000000,-1680.00000,
,,,00.000552400000,-1680.00000,
,,,00.000552800000,-1680.00000,
,,,00.000553200000,-1680.00000,
,,,00.000553600000,-1680.00000,
,,,00.000554000000,-1680.00000,
,,,00.000554400000,-1720.00000,
,,,00.000554800000,-1640.00000,
,,,00.000555200000,-1680.00000,
,,,00.000555600000,-1720.00000,
,,,00.000556000000,-1720.00000,
,,,00.000556400000,-1720.00000,
,,,00.000556800000,-1720.00000,
,,,00.000557200000,-1680.00000,
,,,00.000557600000,-1680.00000,
,,,00.000558000000,-1760.00000,
,,,00.000558400000,-1760.00000,
,,,00.000558800000,-1760.00000,
,,,00.000559200000,-1760.00000,
,,,00.000559600000,-1720.00000,
,,,00.000560000000,-1800.00000,
,,,00.000560400000,-1800.00000,
,,,00.000560800000,-1760.00000,
,,,00.000561200000,-1800.00000,
,,,00.000561600000,-1760.00000,
,,,00.000562000000,-1800.00000,
,,,00.000562400000,-1800.00000,
,,,00.000562800000,-1800.00000,
,,,00.000563200000,-1760.00000,
,,,00.000563600000,-1800.00000,
,,,00.000564000000,-1800.00000,
,,,00.000564400000,-1840.00000,
,,,00.000564800000,-1840.00000,
,,,00.000565200000,-1840.00000,
,,,00.000565600000,-1800.00000,
,,,00.000566000000,-1840.00000,
,,,00.000566400000,-1800.00000,
,,,00.000566800000,-1800.00000,
,,,00.000567200000,-1880.00000,
,,,00.000567600000,-1840.00000,
,,,00.000568000000,-1760.00000,
,,,00.000568400000,-1840.00000,
,,,00.000568800000,-1880.00000,
,,,00.000569200000,-1880.00000,
,,,00.000569600000,-1920.00000,
,,,00.000570000000,-1880.00000,
,,,00.000570400000,-1880.00000,
,,,00.000570800000,-1920.00000,
,,,00.000571200000,-1920.00000,
,,,00.000571600000,-1880.00000,
,,,00.000572000000,-1960.00000,
,,,00.000572400000,-1920.00000,
,,,00.000572800000,-1880.00000,
,,,00.000573200000,-1920.00000,
,,,00.000573600000,-1960.00000,
,,,00.000574000000,-1960.00000,
,,,00.000574400000,-1960.00000,
,,,00.000574800000,-1960.00000,
,,,00.000575200000,-1920.00000,
,,,00.000575600000,-1960.00000,
,,,00.000576000000,-1960.00000,
,,,00.000576400000,-1960.00000,
,,,00.000576800000,-2000.00000,
,,,00.000577200000,-1960.00000,
,,,00.000577600000,-1960.00000,
,,,00.000578000000,-2000.00000,
,,,00.000578400000,-2040.00000,
,,,00.000578800000,-2000.00000,
,,,00.000579200000,-2000.00000,
,,,00.000579600000,-2000.00000,
,,,00.000580000000,-2040.00000,
,,,00.000580400000,-2000.00000,
,,,00.000580800000,-2040.00000,
,,,00.000581200000,-2040.00000,
,,,00.000581600000,-2000.00000,
,,,00.000582000000,-2080.00000,
,,,00.000582400000,-2080.00000,
,,,00.000582800000,-2080.00000,
,,,00.000583200000,-2080.00000,
,,,00.000583600000,-2080.00000,
,,,00.000584000000,-2120.00000,
,,,00.000584400000,-2080.00000,
,,,00.000584800000,-2040.00000,
,,,00.000585200000,-2040.00000,
,,,00.000585600000,-2120.00000,
,,,00.000586000000,-2080.00000,
,,,00.000586400000,-2120.00000,
,,,00.000586800000,-2080.00000,
,,,00.000587200000,-2080.00000,
,,,00.000587600000,-2120.00000,
,,,00.000588000000,-2080.00000,
,,,00.000588400000,-2120.00000,
,,,00.000588800000,-2080.00000,
,,,00.000589200000,-2120.00000,
,,,00.000589600000,-2080.00000,
,,,00.000590000000,-2160.00000,
,,,00.000590400000,-2160.00000,
,,,00.000590800000,-2160.00000,
,,,00.000591200000,-2120.00000,
,,,00.000591600000,-2120.00000,
,,,00.000592000000,-2160.00000,
,,,00.000592400000,-2120.00000,
,,,00.000592800000,-2200.00000,
,,,00.000593200000,-2160.00000,
,,,00.000593600000,-2120.00000,
,,,00.000594000000,-2160.00000,
,,,00.000594400000,-2160.00000,
,,,00.000594800000,-2120.00000,
,,,00.000595200000,-2160.00000,
,,,00.000595600000,-2200.00000,
,,,00.000596000000,-2160.00000,
,,,00.000596400000,-2160.00000,
,,,00.000596800000,-2160.00000,
,,,00.000597200000,-2200.00000,
,,,00.000597600000,-2200.00000,
,,,00.000598000000,-2200.00000,
,,,00.000598400000,-2200.00000,
,,,00.000598800000,-2200.00000,
,,,00.000599200000,-2200.00000,
,,,00.000599600000,-2240.00000,
,,,00.000600000000,-2200.00000,
,,,00.000600400000,-2240.00000,
,,,00.000600800000,-2200.00000,
,,,00.000601200000,-2240.00000,
,,,00.000601600000,-2240.00000,
,,,00.000602000000,-2240.00000,
,,,00.000602400000,-2240.00000,
,,,00.000602800000,-2200.00000,
,,,00.000603200000,-2280.00000,
,,,00.000603600000,-2200.00000,
,,,00.000604000000,-2280.00000,
,,,00.000604400000,-2240.00000,
,,,00.000604800000,-2280.00000,
,,,00.000605200000,-2280.00000,
,,,00.000605600000,-2200.00000,
,,,00.000606000000,-2240.00000,
,,,00.000606400000,-2280.00000,
,,,00.000606800000,-2280.00000,
,,,00.000607200000,-2280.00000,
,,,00.000607600000,-2240.00000,
,,,00.000608000000,-2320.00000,
,,,00.000608400000,-2280.00000,
,,,00.000608800000,-2280.00000,
,,,00.000609200000,-2280.00000,
,,,00.000609600000,-2280.00000,
,,,00.000610000000,-2320.00000,
,,,00.000610400000,-2280.00000,
,,,00.000610800000,-2320.00000,
,,,00.000611200000,-2280.00000,
,,,00.000611600000,-2320.00000,
,,,00.000612000000,-2320.00000,
,,,00.000612400000,-2360.00000,
,,,00.000612800000,-2280.00000,
,,,00.000613200000,-2320.00000,
,,,00.000613600000,-2360.00000,
,,,00.000614000000,-2320.00000,
,,,00.000614400000,-2320.00000,
,,,00.000614800000,-2320.00000,
,,,00.000615200000,-2320.00000,
,,,00.000615600000,-2360.00000,
,,,00.000616000000,-2360.00000,
,,,00.000616400000,-2400.00000,
,,,00.000616800000,-2360.00000,
,,,00.000617200000,-2360.00000,
,,,00.000617600000,-2400.00000,
,,,00.000618000000,-2400.00000,
,,,00.000618400000,-2360.00000,
,,,00.000618800000,-2400.00000,
,,,00.000619200000,-2360.00000,
,,,00.000619600000,-2400.00000,
,,,00.000620000000,-2440.00000,
,,,00.000620400000,-2400.00000,
,,,00.000620800000,-2400.00000,
,,,00.000621200000,-2400.00000,
,,,00.000621600000,-2400.00000,
,,,00.000622000000,-2400.00000,
,,,00.000622400000,-2360.00000,
,,,00.000622800000,-2400.00000,
,,,00.000623200000,-2440.00000,
,,,00.000623600000,-2440.00000,
,,,00.000624000000,-2440.00000,
,,,00.000624400000,-2400.00000,
,,,00.000624800000,-2400.00000,
,,,00.000625200000,-2440.00000,
,,,00.000625600000,-2400.00000,
,,,00.000626000000,-2400.00000,
,,,00.000626400000,-2440.00000,
,,,00.000626800000,-2440.00000,
,,,00.000627200000,-2440.00000,
,,,00.000627600000,-2440.00000,
,,,00.000628000000,-2440.00000,
,,,00.000628400000,-2440.00000,
,,,00.000628800000,-2400.00000,
,,,00.000629200000,-2480.00000,
,,,00.000629600000,-2480.00000,
,,,00.000630000000,-2440.00000,
,,,00.000630400000,-2480.00000,
,,,00.000630800000,-2480.00000,
,,,00.000631200000,-2520.00000,
,,,00.000631600000,-2480.00000,
,,,00.000632000000,-2520.00000,
,,,00.000632400000,-2520.00000,
,,,00.000632800000,-2480.00000,
,,,00.000633200000,-2520.00000,
,,,00.000633600000,-2520.00000,
,,,00.000634000000,-2480.00000,
,,,00.000634400000,-2440.00000,
,,,00.000634800000,-2480.00000,
,,,00.000635200000,-2520.00000,
,,,00.000635600000,-2480.00000,
,,,00.000636000000,-2520.00000,
,,,00.000636400000,-2480.00000,
,,,00.000636800000,-2480.00000,
,,,00.000637200000,-2480.00000,
,,,00.000637600000,-2520.00000,
,,,00.000638000000,-2480.00000,
,,,00.000638400000,-2520.00000,
,,,00.000638800000,-2520.00000,
,,,00.000639200000,-2520.00000,
,,,00.000639600000,-2520.00000,
,,,00.000640000000,-2520.00000,
,,,00.000640400000,-2520.00000,
,,,00.000640800000,-2560.00000,
,,,00.000641200000,-2520.00000,
,,,00.000641600000,-2520.00000,
,,,00.000642000000,-2480.00000,
,,,00.000642400000,-2520.00000,
,,,00.000642800000,-2560.00000,
,,,00.000643200000,-2520.00000,
,,,00.000643600000,-2520.00000,
,,,00.000644000000,-2560.00000,
,,,00.000644400000,-2520.00000,
,,,00.000644800000,-2560.00000,
,,,00.000645200000,-2560.00000,
,,,00.000645600000,-2520.00000,
,,,00.000646000000,-2560.00000,
,,,00.000646400000,-2560.00000,
,,,00.000646800000,-2600.00000,
,,,00.000647200000,-2560.00000,
,,,00.000647600000,-2600.00000,
,,,00.000648000000,-2560.00000,
,,,00.000648400000,-2520.00000,
,,,00.000648800000,-2560.00000,
,,,00.000649200000,-2560.00000,
,,,00.000649600000,-2560.00000,
,,,00.000650000000,-2600.00000,
,,,00.000650400000,-2600.00000,
,,,00.000650800000,-2560.00000,
,,,00.000651200000,-2600.00000,
,,,00.000651600000,-2600.00000,
,,,00.000652000000,-2600.00000,
,,,00.000652400000,-2560.00000,
,,,00.000652800000,-2560.00000,
,,,00.000653200000,-2600.00000,
,,,00.000653600000,-2640.00000,
,,,00.000654000000,-2600.00000,
,,,00.000654400000,-2560.00000,
,,,00.000654800000,-2560.00000,
,,,00.000655200000,-2600.00000,
,,,00.000655600000,-2640.00000,
,,,00.000656000000,-2640.00000,
,,,00.000656400000,-2560.00000,
,,,00.000656800000,-2600.00000,
,,,00.000657200000,-2640.00000,
,,,00.000657600000,-2600.00000,
,,,00.000658000000,-2600.00000,
,,,00.000658400000,-2600.00000,
,,,00.000658800000,-2600.00000,
,,,00.000659200000,-2640.00000,
,,,00.000659600000,-2640.00000,
,,,00.000660000000,-2600.00000,
,,,00.000660400000,-2600.00000,
,,,00.000660800000,-2600.00000,
,,,00.000661200000,-2640.00000,
,,,00.000661600000,-2640.00000,
,,,00.000662000000,-2600.00000,
,,,00.000662400000,-2640.00000,
,,,00.000662800000,-2600.00000,
,,,00.000663200000,-2680.00000,
,,,00.000663600000,-2640.00000,
,,,00.000664000000,-2640.00000,
,,,00.000664400000,-2640.00000,
,,,00.000664800000,-2640.00000,
,,,00.000665200000,-2600.00000,
,,,00.000665600000,-2600.00000,
,,,00.000666000000,-2640.00000,
,,,00.000666400000,-2640.00000,
,,,00.000666800000,-2680.00000,
,,,00.000667200000,-2640.00000,
,,,00.000667600000,-2640.00000,
,,,00.000668000000,-2640.00000,
,,,00.000668400000,-2640.00000,
,,,00.000668800000,-2680.00000,
,,,00.000669200000,-2640.00000,
,,,00.000669600000,-2680.00000,
,,,00.000670000000,-2680.00000,
,,,00.000670400000,-2600.00000,
,,,00.000670800000,-2680.00000,
,,,00.000671200000,-2680.00000,
,,,00.000671600000,-2640.00000,
,,,00.000672000000,-2680.00000,
,,,00.000672400000,-2680.00000,
,,,00.000672800000,-2640.00000,
,,,00.000673200000,-2720.00000,
,,,00.000673600000,-2600.00000,
,,,00.000674000000,-2680.00000,
,,,00.000674400000,-2640.00000,
,,,00.000674800000,-2680.00000,
,,,00.000675200000,-2640.00000,
,,,00.000675600000,-2640.00000,
,,,00.000676000000,-2640.00000,
,,,00.000676400000,-2640.00000,
,,,00.000676800000,-2640.00000,
,,,00.000677200000,-2680.00000,
,,,00.000677600000,-2680.00000,
,,,00.000678000000,-2680.00000,
,,,00.000678400000,-2680.00000,
,,,00.000678800000,-2640.00000,
,,,00.000679200000,-2680.00000,
,,,00.000679600000,-2680.00000,
,,,00.000680000000,-2640.00000,
,,,00.000680400000,-2640.00000,
,,,00.000680800000,-2680.00000,
,,,00.000681200000,-2680.00000,
,,,00.000681600000,-2720.00000,
,,,00.000682000000,-2640.00000,
,,,00.000682400000,-2680.00000,
,,,00.000682800000,-2600.00000,
,,,00.000683200000,-2640.00000,
,,,00.000683600000,-2680.00000,
,,,00.000684000000,-2640.00000,
,,,00.000684400000,-2640.00000,
,,,00.000684800000,-2680.00000,
,,,00.000685200000,-2720.00000,
,,,00.000685600000,-2680.00000,
,,,00.000686000000,-2680.00000,
,,,00.000686400000,-2640.00000,
,,,00.000686800000,-2600.00000,
,,,00.000687200000,-2680.00000,
,,,00.000687600000,-2600.00000,
,,,00.000688000000,-2680.00000,
,,,00.000688400000,-2640.00000,
,,,00.000688800000,-2680.00000,
,,,00.000689200000,-2640.00000,
,,,00.000689600000,-2680.00000,
,,,00.000690000000,-2680.00000,
,,,00.000690400000,-2680.00000,
,,,00.000690800000,-2680.00000,
,,,00.000691200000,-2680.00000,
,,,00.000691600000,-2680.00000,
,,,00.000692000000,-2640.00000,
,,,00.000692400000,-2640.00000,
,,,00.000692800000,-2640.00000,
,,,00.000693200000,-2680.00000,
,,,00.000693600000,-2640.00000,
,,,00.000694000000,-2640.00000,
,,,00.000694400000,-2680.00000,
,,,00.000694800000,-2640.00000,
,,,00.000695200000,-2640.00000,
,,,00.000695600000,-2680.00000,
,,,00.000696000000,-2640.00000,
,,,00.000696400000,-2680.00000,
,,,00.000696800000,-2600.00000,
,,,00.000697200000,-2720.00000,
,,,00.000697600000,-2640.00000,
,,,00.000698000000,-2640.00000,
,,,00.000698400000,-2600.00000,
,,,00.000698800000,-2640.00000,
,,,00.000699200000,-2640.00000,
,,,00.000699600000,-2600.00000,
,,,00.000700000000,-2640.00000,
,,,00.000700400000,-2600.00000,
,,,00.000700800000,-2600.00000,
,,,00.000701200000,-2680.00000,
,,,00.000701600000,-2600.00000,
,,,00.000702000000,-2640.00000,
,,,00.000702400000,-2560.00000,
,,,00.000702800000,-2640.00000,
,,,00.000703200000,-2640.00000,
,,,00.000703600000,-2640.00000,
,,,00.000704000000,-2600.00000,
,,,00.000704400000,-2600.00000,
,,,00.000704800000,-2600.00000,
,,,00.000705200000,-2600.00000,
,,,00.000705600000,-2600.00000,
,,,00.000706000000,-2640.00000,
,,,00.000706400000,-2640.00000,
,,,00.000706800000,-2600.00000,
,,,00.000707200000,-2640.00000,
,,,00.000707600000,-2600.00000,
,,,00.000708000000,-2600.00000,
,,,00.000708400000,-2600.00000,
,,,00.000708800000,-2560.00000,
,,,00.000709200000,-2640.00000,
,,,00.000709600000,-2600.00000,
,,,00.000710000000,-2560.00000,
,,,00.000710400000,-2600.00000,
,,,00.000710800000,-2600.00000,
,,,00.000711200000,-2600.00000,
,,,00.000711600000,-2600.00000,
,,,00.000712000000,-2600.00000,
,,,00.000712400000,-2600.00000,
,,,00.000712800000,-2600.00000,
,,,00.000713200000,-2560.00000,
,,,00.000713600000,-2640.00000,
,,,00.000714000000,-2600.00000,
,,,00.000714400000,-2600.00000,
,,,00.000714800000,-2560.00000,
,,,00.000715200000,-2560.00000,
,,,00.000715600000,-2560.00000,
,,,00.000716000000,-2560.00000,
,,,00.000716400000,-2560.00000,
,,,00.000716800000,-2640.00000,
,,,00.000717200000,-2600.00000,
,,,00.000717600000,-2560.00000,
,,,00.000718000000,-2560.00000,
,,,00.000718400000,-2560.00000,
,,,00.000718800000,-2560.00000,
,,,00.000719200000,-2600.00000,
,,,00.000719600000,-2560.00000,
,,,00.000720000000,-2560.00000,
,,,00.000720400000,-2560.00000,
,,,00.000720800000,-2600.00000,
,,,00.000721200000,-2560.00000,
,,,00.000721600000,-2560.00000,
,,,00.000722000000,-2560.00000,
,,,00.000722400000,-2560.00000,
,,,00.000722800000,-2520.00000,
,,,00.000723200000,-2520.00000,
,,,00.000723600000,-2520.00000,
,,,00.000724000000,-2560.00000,
,,,00.000724400000,-2480.00000,
,,,00.000724800000,-2560.00000,
,,,00.000725200000,-2520.00000,
,,,00.000725600000,-2520.00000,
,,,00.000726000000,-2520.00000,
,,,00.000726400000,-2480.00000,
,,,00.000726800000,-2520.00000,
,,,00.000727200000,-2520.00000,
,,,00.000727600000,-2480.00000,
,,,00.000728000000,-2520.00000,
,,,00.000728400000,-2520.00000,
,,,00.000728800000,-2520.00000,
,,,00.000729200000,-2520.00000,
,,,00.000729600000,-2560.00000,
,,,00.000730000000,-2520.00000,
,,,00.000730400000,-2520.00000,
,,,00.000730800000,-2480.00000,
,,,00.000731200000,-2520.00000,
,,,00.000731600000,-2520.00000,
,,,00.000732000000,-2440.00000,
,,,00.000732400000,-2520.00000,
,,,00.000732800000,-2520.00000,
,,,00.000733200000,-2480.00000,
,,,00.000733600000,-2480.00000,
,,,00.000734000000,-2480.00000,
,,,00.000734400000,-2520.00000,
,,,00.000734800000,-2480.00000,
,,,00.000735200000,-2520.00000,
,,,00.000735600000,-2480.00000,
,,,00.000736000000,-2440.00000,
,,,00.000736400000,-2440.00000,
,,,00.000736800000,-2480.00000,
,,,00.000737200000,-2440.00000,
,,,00.000737600000,-2480.00000,
,,,00.000738000000,-2360.00000,
,,,00.000738400000,-2480.00000,
,,,00.000738800000,-2440.00000,
,,,00.000739200000,-2440.00000,
,,,00.000739600000,-2440.00000,
,,,00.000740000000,-2400.00000,
,,,00.000740400000,-2440.00000,
,,,00.000740800000,-2440.00000,
,,,00.000741200000,-2440.00000,
,,,00.000741600000,-2440.00000,
,,,00.000742000000,-2400.00000,
,,,00.000742400000,-2480.00000,
,,,00.000742800000,-2440.00000,
,,,00.000743200000,-2480.00000,
,,,00.000743600000,-2400.00000,
,,,00.000744000000,-2400.00000,
,,,00.000744400000,-2400.00000,
,,,00.000744800000,-2440.00000,
,,,00.000745200000,-2400.00000,
,,,00.000745600000,-2360.00000,
,,,00.000746000000,-2400.00000,
,,,00.000746400000,-2360.00000,
,,,00.000746800000,-2360.00000,
,,,00.000747200000,-2360.00000,
,,,00.000747600000,-2360.00000,
,,,00.000748000000,-2360.00000,
,,,00.000748400000,-2360.00000,
,,,00.000748800000,-2360.00000,
,,,00.000749200000,-2400.00000,
,,,00.000749600000,-2360.00000,
,,,00.000750000000,-2400.00000,
,,,00.000750400000,-2360.00000,
,,,00.000750800000,-2360.00000,
,,,00.000751200000,-2320.00000,
,,,00.000751600000,-2360.00000,
,,,00.000752000000,-2320.00000,
,,,00.000752400000,-2320.00000,
,,,00.000752800000,-2280.00000,
,,,00.000753200000,-2360.00000,
,,,00.000753600000,-2360.00000,
,,,00.000754000000,-2320.00000,
,,,00.000754400000,-2320.00000,
,,,00.000754800000,-2400.00000,
,,,00.000755200000,-2320.00000,
,,,00.000755600000,-2320.00000,
